Np,Nc,Ts_us,Q,S,R,Ei_Arms,Ev_Vrms,Edc_V,THD,Switches_per_cycle,Loss_sw_pu
8,4,20,4,2,1,0.1,1.23273351335421,1.4441319235526,2.48567604516995,15,0.0658644262166707
5,5,24,7,5,6,0.1,0.63527857502186,0.717517126546302,2.96011775123567,9,0.0420365844582582
14,5,35,1,2,9,0.1,5.04074650008481,1.62708484341889,5.93463043968621,48,0.188777902819881
11,5,23,8,10,8,0.1,0.731334661284576,0.24647520322241,1.55125665017417,11,0.0335565650548266
6,1,23,7,3,3,0.1,0.612656479084704,1.02588999571604,1.87388085713138,11,0.0482586431913121
4,3,145,5,1,6,0.1,1.29635612193025,3.04334300651116,4.53457207289754,12,0.0375020676552493
4,5,91,2,10,4,0.232436524301704,2.71972156599585,0.44523916455879,5.49938901463579,15,0.0537632259070384
6,5,97,10,7,7,0.1,0.752136555534362,0.415680828880365,2.88990506017781,8,0.0211456961065368
14,3,20,7,4,6,0.1,0.711806040941593,0.918624315536029,1.55881226268318,11,0.0633021303957797
11,5,51,2,10,7,0.1,2.68148650995676,0.351753510822858,3.83619562314636,24,0.0888982801714728
3,1,25,3,9,6,0.182400237371442,1.795647171479,0.253210942739412,4.51820248145315,11,0.0570961815303393
10,1,164,3,9,4,0.123983833813824,2.06457546554248,0.349243261143563,3.9175705649773,16,0.0435076100712789
3,1,60,8,6,1,0.1,0.866525791551081,0.515627537534167,3.8116152042337,10,0.044481022747876
5,3,195,9,3,5,0.1,1.10847676158604,0.859002496578691,3.75609903500506,8,0.0313991175850359
10,3,77,10,6,4,0.1,0.781062430143441,0.549912992716397,1.99059500279669,7,0.0253310566814513
11,2,156,1,3,9,0.1,5.35868992248141,1.01121072588382,7.58658160898721,37,0.13081067972866
12,4,184,10,1,3,0.1,0.990217693430612,3.23707322406974,3.02958384273933,13,0.0595207982360329
8,3,129,6,10,10,0.1,1.13853268199462,0.216089317153836,3.01860667447148,6,0.0240424800135077
3,5,169,1,2,4,0.409862665120579,5.43684351497452,1.46392472128232,9.58319855712485,18,0.0801912144590783
13,5,103,6,8,3,0.1,1.06347897055767,0.101481965875276,2.51742076388745,15,0.074545757259713
7,5,124,2,8,7,0.1,2.73866877757229,0.423980648471551,5.16314340515454,16,0.070758164847486
10,5,124,7,3,6,0.1,1.00026051151496,1.10889392992919,2.95325754674538,12,0.0440081221527888
11,3,89,5,5,4,0.1,1.16505793281965,0.732768323182593,2.75143002868816,13,0.0515078155933618
7,4,179,10,7,3,0.1,0.97232764896841,0.441608215391531,3.55014970719542,11,0.04664541354555
9,4,122,5,4,1,0.1,1.15374117452342,0.804784124208126,2.96184733300028,18,0.077058231347983
11,3,49,5,4,3,0.1,1.0655679044399,0.884109638179734,2.46000537808469,14,0.0448363681603404
5,3,151,3,3,9,0.1,2.00891044887692,0.934744757832465,4.38512848786668,11,0.0435267999363033
4,4,118,7,2,8,0.1,0.960006305391025,1.61148054970384,3.66287320074579,7,0.0332258496122016
13,3,176,10,9,9,0.1,0.911652904269875,0.416942505505008,2.93628319439855,12,0.0322848605444327
13,4,67,3,7,4,0.1,1.78185502489178,0.460654340923179,3.23611088432154,19,0.0667155581904416
14,3,196,7,10,6,0.1,0.999248917006482,0.229029789257115,2.94308662470298,11,0.0567219232443648
3,2,176,7,7,2,0.1,1.08488805310447,0.576970882581881,5.0050585439134,9,0.027405055968924
12,3,30,6,3,8,0.1,0.797787642201928,1.01355604288026,1.92759375630379,11,0.0546140975892445
9,3,193,9,1,8,0.1,1.00539503696608,2.91370403509596,3.1971552963087,7,0.0261435710395683
4,4,165,7,8,4,0.1,1.01277648733453,0.493606398160173,4.38127351709116,7,0.0134588887984067
3,1,103,2,1,8,0.235830724696424,2.81821423409501,2.96930515414123,6.16296038187425,10,0.0396228249697976
13,3,183,1,8,2,0.13783770438772,5.1964105172002,0.381046058553861,7.21586211835566,52,0.217208916514239
14,1,48,2,7,10,0.168807280380534,2.68114288797354,0.480755286286551,4.19168723132566,25,0.0910364444547776
5,1,167,2,3,9,0.127995071336944,3.16679840503619,1.01037955495745,5.61538424746222,14,0.0490318267655609
8,3,189,1,8,9,0.146219361085348,5.38331067702557,0.289414535290366,8.24362365656522,30,0.124310218321186
8,4,72,1,6,4,0.191423386743249,5.27527100417589,0.486487563274692,6.43800090026242,32,0.149098361525296
15,5,186,3,1,3,0.1,1.88658744081243,3.01652793755679,3.96242601594024,25,0.0909663074542518
12,2,123,4,1,3,0.1,1.49484312636478,3.00362673831189,2.92700606508619,18,0.0737005480298825
15,5,127,1,1,1,0.1,5.22347992268311,3.16394456583133,6.4238862115463,57,0.233323589847174
13,4,141,5,1,4,0.1,1.35968998398584,2.99099938814313,2.99562686799884,14,0.0482390851368155
12,2,198,3,4,6,0.1,2.04545702187464,0.685184677493346,4.28270437419898,19,0.0842780734033896
13,1,24,6,9,1,0.1,0.957367432350378,0.316341722035651,1.83044115045618,17,0.0603643226466965
14,5,137,7,6,3,0.1,1.04408486237734,0.467649427666609,2.70350025970848,13,0.0574217996685362
6,4,97,9,4,3,0.1,0.631544043480962,0.778777636612094,2.94874726348204,9,0.0267903420059998
5,1,88,1,2,7,0.356794419341853,5.09743910848863,1.39877976902033,7.27832468200383,25,0.106632698608298
10,2,171,5,10,8,0.1,1.24276860727923,0.498357798060289,3.32208731595712,9,0.0338021189192206
8,1,152,2,7,8,0.1,2.84842482685129,0.572657195640738,5.08657535398153,19,0.0736793855772146
12,5,97,8,1,9,0.1,0.804036359560027,2.95988599456386,2.14615017546683,14,0.0509035693825906
9,3,43,3,1,6,0.1,1.68086744033155,2.80590219664408,3.18306466541223,13,0.0726331373763471
5,3,28,8,2,6,0.1,0.602703874949107,1.51486209776063,2.32084419231325,11,0.0538093632034887
5,5,23,9,6,5,0.1,0.689040147429824,0.806809766169568,2.26177936989574,11,0.0542862748444484
9,4,161,4,8,8,0.1,1.54948041845268,0.3999425850425,3.365687074297,14,0.0716290313807125
6,1,59,4,9,6,0.1,1.3083638055397,0.258773150361119,3.30191097589099,11,0.0427423951667696
8,5,97,4,7,3,0.1,1.39308487916714,0.477487261697474,3.46522703741504,14,0.0643896935928617
8,4,43,5,10,7,0.126075691066335,1.0885690561671,0.299481202670435,2.63687854887494,8,0.0352243396870382
15,3,55,9,3,8,0.1,0.875431055582487,1.04794453936398,1.76895148199585,8,0.0480367130671564
4,2,191,1,9,9,0.36479872612259,5.26710413979604,0.439065705778078,8.89585936382885,14,0.0732545826640228
14,3,175,5,7,4,0.1,1.19625669078314,0.682705112266817,3.23623053834966,14,0.0499235613891163
3,4,122,8,6,8,0.1,0.934349274087704,0.48349194109976,4.61893059916254,6,0.0196839317558361
5,3,63,5,10,4,0.127279026778348,1.16915729270834,0.270977527008621,3.390956745636,12,0.0412505916556972
13,3,84,4,7,3,0.1,1.38829860924091,0.449325837324122,2.70212583636847,20,0.0970028027126099
5,3,182,5,10,3,0.1,1.413172583396,0.268220903134017,4.20393033421538,11,0.0543750878791165
7,4,51,4,2,8,0.1,1.4283683290682,1.47487483760686,3.01891197593217,10,0.0375830688870985
7,2,30,7,8,7,0.1,0.666118276911364,0.221534623877791,2.16198612484266,13,0.031617682749452
9,3,110,2,4,3,0.139787731402097,2.83184478489013,0.727473196262092,4.50326053152095,19,0.0762991146359855
6,5,141,7,2,5,0.192613328917729,1.15155792728647,1.50624570168185,3.54687082286596,11,0.0423498699095847
8,3,173,8,6,10,0.1,1.03455033677978,0.332263149398985,3.29211806085876,7,0.0321757146569317
3,2,31,8,7,4,0.1,0.808886592273614,0.424657002518032,3.61743122289108,8,0.0330820901966463
7,2,98,4,5,10,0.1,1.54391138248524,0.627554291732122,3.66268471680965,10,0.0327328880211985
14,1,192,6,4,10,0.1,1.22339675089752,0.543659685205645,3.33088990559569,13,0.0593145933855972
14,3,148,8,5,6,0.1,0.868570839065352,0.494957701370465,2.73764449099084,12,0.0462218480736783
14,3,94,3,1,5,0.1,1.79754106400158,3.00100688846234,3.42923984509654,20,0.083054597694489
9,4,45,1,4,8,0.136489270786227,5.15782037408952,0.677367937495214,6.12434262748958,30,0.117703798229659
7,4,32,2,1,2,0.1383220122367,2.51821042161869,2.94382409157088,3.99009865835204,22,0.107360888864786
12,5,27,1,5,4,0.18037177776598,5.0495231929192,0.611853763970338,6.11231057862565,44,0.181901455624044
6,2,79,6,3,7,0.1,0.943874177004048,1.05630419571322,2.84608882765329,9,0.0372495128522555
9,1,178,10,9,3,0.1,0.804269331281858,0.345317574873015,3.55506931771055,10,0.0492253600850964
7,4,78,9,8,8,0.1,0.604766462315273,0.11612807140328,2.38864884337742,5,0.0293477791969049
11,3,158,6,1,2,0.1,1.08150299018462,2.80299571130634,3.20204800214963,15,0.0621586942701712
8,5,102,1,9,7,0.22314473235649,5.26844239523692,0.203888298863928,6.85441403567882,29,0.113710407704832
14,1,105,2,8,9,0.1,2.70651039302057,0.303721177932239,4.64523412952952,32,0.134291307851969
15,2,182,5,3,10,0.1,1.22921612819051,1.13854429792558,3.49342588928765,15,0.0617433756806886
6,4,167,1,2,9,0.272717167186334,5.34821786130914,1.41995746545163,7.77194610331645,25,0.0968116711755447
3,5,56,9,9,5,0.1,0.670919798282221,0.372171080292537,3.92004193536623,7,0.0387022515581186
10,1,61,6,3,2,0.1,1.11381766041811,1.04835814685053,2.43525760678089,13,0.0546540246465708
10,4,30,8,10,6,0.1,0.777983183491148,0.159307226713975,1.62691169034281,12,0.0512072095193846
14,4,168,9,4,2,0.1,0.872668228759241,0.545997226702548,2.91577269347887,12,0.0341430873747549
13,1,74,1,10,6,0.1,5.23406928254137,0.303309546678049,6.31981814083625,47,0.180853145005295
6,2,64,6,7,1,0.151805765120728,1.03529465764668,0.479673450716698,2.92857675082865,10,0.03930342193276
8,4,101,8,7,7,0.1,0.571926043982699,0.474121677407363,2.85562018952098,12,0.0365210760911204
5,2,78,9,7,8,0.1,0.598775781909747,0.205744372591536,2.81985975712312,4,0.0237694663803306
10,4,108,1,3,5,0.111830884900286,5.07285500924243,1.10923105190843,7.07493041259286,36,0.150609267740989
8,5,138,6,3,6,0.1,1.0499811817518,1.17773807822742,3.59335329802359,10,0.0456713695239427
14,1,179,2,9,7,0.1,2.8091464335104,0.399914412674774,4.94505137166195,30,0.123352514013993
15,3,55,5,4,10,0.1,1.3364180597929,0.758232132998542,1.97933207743413,12,0.0416638484832899
4,4,94,10,10,2,0.1,0.68224420593847,0.317404870279399,3.52897269885295,10,0.0380176036993032
6,5,24,9,2,7,0.1,0.750459522742989,1.41343461619012,1.84802983761154,10,0.0409752145981107
7,1,61,2,3,9,0.185622291172192,2.66679662238602,0.995134995329093,4.66477230528072,16,0.0611316360303131
6,5,90,5,3,9,0.1,1.13938309632488,1.06330194738569,3.13392587263455,8,0.0444959656329084
12,3,63,7,7,4,0.1,1.08570076346296,0.417297020070897,2.21355990201229,11,0.0495341110587682
8,2,42,3,1,4,0.1,1.77771808111601,3.11119050348401,2.60307128507125,18,0.0720392432293556
6,1,53,9,10,10,0.1,0.739705154631879,0.316296041132407,2.64663723973898,7,0.0324241795266046
13,1,117,4,7,10,0.1,1.42425921180682,0.592657946436233,3.08080082983747,14,0.0602813785371127
8,1,101,4,3,10,0.1,1.47969148723046,1.07607548561657,3.28739204970382,12,0.0646758522446398
14,1,67,1,10,3,0.130610743704948,4.96381736531144,0.121630928111783,6.24285151716308,46,0.180231848896863
9,2,120,6,4,7,0.1,1.10742205537915,0.757189764406486,2.83467863739191,12,0.0649511565060011
10,5,99,8,1,8,0.1,0.517926116636727,3.00552696302183,2.62348761314859,7,0.0300736725703348
13,4,188,1,3,10,0.183465376561565,5.40408245862916,1.1374337676898,7.77561428383418,48,0.214168641977773
3,1,22,10,1,9,0.1,0.541073477495404,2.96416094630519,3.2971829565459,6,0.0380559077338284
12,1,103,3,1,9,0.1,1.84019365958161,3.13476268504462,3.32914173773287,17,0.0879011471818057
15,3,192,9,6,4,0.1,0.93009918935553,0.542237523360718,3.32621247021267,15,0.0542843207268976
4,1,115,5,9,10,0.1,1.41648405043347,0.533571936253363,4.64731878842019,5,0.01
3,2,30,3,4,10,0.164429875369823,1.65178917804093,0.750874260513981,4.78850014292591,6,0.0314038575197468
14,5,181,4,5,2,0.1,1.7644869580907,0.537343577545348,3.91363877214398,22,0.1040791033414
5,5,134,3,4,2,0.1,1.68671280919043,0.684485749631759,4.40043959305456,16,0.0660680962002957
14,2,133,1,6,9,0.209472062950083,5.14523362502489,0.443998365689968,6.79895354464906,43,0.142819961304625
9,1,70,7,3,3,0.1,0.827043545637351,1.06136641684033,2.30066655746946,13,0.0482868943910522
6,1,189,9,10,2,0.1,1.06854537119848,0.240503153897999,3.56936112001351,12,0.035480138498776
8,1,191,5,10,7,0.1,1.49529016840571,0.232558680825114,3.9536430409339,13,0.0485734639017667
3,3,104,9,3,4,0.1,0.826507921740783,1.0722467592961,4.10415435004588,10,0.0305632114703664
3,1,189,9,3,10,0.103179328996744,0.899143248961701,0.985317341605597,5.19480770047934,3,0.01
6,1,142,6,4,8,0.1,0.965353459420553,0.738113095448047,3.35319623839673,7,0.0372182339437107
4,4,41,1,6,10,0.471620936990866,5.01091067328159,0.375748246871968,7.49873993826662,19,0.0912094763097429
11,5,182,5,6,6,0.1,1.40128617751564,0.502442124143531,3.76256470347002,14,0.0620274941866155
6,1,195,8,3,6,0.1,0.972285252240237,0.874368795657118,3.97350716723083,7,0.0330122881334106
10,4,39,1,7,5,0.1,5.03160139207228,0.48474571020329,6.09149130091292,41,0.174127125961936
15,4,93,8,3,4,0.1,0.849604384073881,1.19941168456831,1.79112168617446,15,0.0767105087472586
3,3,138,9,2,9,0.1,0.957923590574474,1.29636650834564,4.35654199112482,12,0.0521491560431907
8,1,137,1,4,4,0.211911968610598,5.32492796819339,0.796682753304635,7.68037299535618,33,0.135054676790336
8,5,47,9,4,6,0.1,0.582810788394993,0.611552542233555,2.03121078384203,11,0.0547402718803718
4,5,106,10,6,1,0.1,0.888664358354644,0.549015882988759,3.67648934237606,10,0.0412724445056372
11,3,61,5,3,9,0.157727327544369,0.880066655183737,1.06194883675469,2.24524664134692,13,0.0490158182452019
11,2,73,10,10,7,0.1,0.780336301339236,0.316817330954847,2.10538393081315,8,0.0467600658012986
6,4,148,8,4,8,0.1,0.94385384908833,0.604475478908541,3.19514843229289,7,0.0155992605776377
4,4,27,3,9,10,0.138637251195821,1.94335531209701,0.240264403715376,4.33145475965783,7,0.0358159214041397
13,5,102,10,3,10,0.1,0.862410721106705,0.852667034540145,2.25372182338825,9,0.0356478230783597
6,2,65,3,8,6,0.1,1.95127487214969,0.385839792424201,3.90435268757604,13,0.0498366020347691
15,1,188,10,4,3,0.1,0.775362782675999,0.923261573328319,2.81538355501295,12,0.0589854255253368
14,3,176,4,10,5,0.1,1.50567597531378,0.493070755345713,3.55741325852184,20,0.0837759545947839
12,1,186,10,6,10,0.1,0.89314517863776,0.46834724178688,3.08761215249037,7,0.0419094722181985
3,1,28,2,4,10,0.211906403299254,2.60231364032347,0.754323402503838,5.3922072399239,8,0.0236466933195292
3,4,138,5,8,2,0.182043685047224,1.33041157696345,0.456713649255906,4.9480311462762,10,0.0388764503980037
15,5,106,6,9,10,0.1,1.14331439188528,0.317037246907832,2.60362582770532,13,0.052814794380562
14,5,166,2,6,10,0.134241486276764,2.80115558653516,0.674184968959381,4.60654994904504,24,0.104347280433974
13,5,22,4,3,3,0.1,1.38563044099613,0.986485148623435,2.02316397259635,19,0.0767339064461314
10,4,91,8,3,7,0.1,0.569128943952685,1.112196237327,1.989076865851,11,0.0474885244835842
6,5,132,3,8,2,0.1,1.70457752946436,0.392510610041905,4.0340378142743,16,0.0687634807585773
9,4,167,9,7,5,0.1,0.949809660331099,0.447388652882449,2.91406565404349,11,0.0534986125759542
4,5,168,5,1,2,0.130244329271271,1.21070240562167,2.97976889374865,4.73800179631879,10,0.0411171902689987
11,2,104,5,8,7,0.1,1.28560517768965,0.367503751075348,2.78085493687477,14,0.0462968433541528
13,4,197,3,5,9,0.1,2.17676592158914,0.570974515311197,4.39172542548311,22,0.0723442526210059
13,5,22,3,2,8,0.1,1.85366284027842,1.64274777807696,2.31163918994641,18,0.09066075776966
10,3,112,6,5,2,0.1,0.902238344156542,0.371840061409002,2.7927892465672,16,0.0582659193662125
3,3,128,5,9,10,0.160354769885952,1.29455830034419,0.327822533476465,5.02400614565609,5,0.0432652723370501
5,5,166,9,3,3,0.1,0.979362223418005,0.987297204768327,4.06190951264586,10,0.0424901488068755
15,4,28,5,4,6,0.1,0.933789656881834,0.815759585982644,1.89338855481991,19,0.0673016378367921
13,5,137,3,3,5,0.1,1.93237217789426,0.988290197984873,3.69095279269329,23,0.101045404851948
14,3,194,7,7,4,0.1,0.940368389269574,0.22883749613352,2.89686004806774,15,0.0548483785724935
7,1,62,10,6,2,0.1,0.830170483941224,0.714611382746509,2.22395875358595,11,0.0522509747926111
6,2,35,9,5,6,0.1,0.674447294360165,0.580367277420105,2.09945752646897,11,0.0251719989333564
15,3,178,7,3,3,0.1,1.29603174367146,0.851588797604848,3.03646943841962,14,0.0733949922462477
13,3,56,1,2,3,0.123326544223519,5.20852316922455,1.41522439738945,6.6425944609063,49,0.210652569077956
15,3,116,7,6,3,0.1,0.900435455321775,0.579294574747325,2.5196317335947,16,0.0648663243586632
6,4,75,1,10,5,0.242955813459996,5.25298974790542,0.374852672592891,6.84375483081474,23,0.0843788390154633
6,3,169,9,6,3,0.1,0.976437173021177,0.375637231612275,3.60780080007816,13,0.046124123837371
5,1,46,9,2,3,0.1,0.741246182284907,1.44446038142534,2.55063941311705,7,0.0250429825634861
8,3,96,2,8,2,0.1,2.61948296147229,0.332881481188122,4.54921648864164,21,0.0807154823588644
9,2,147,3,9,6,0.1,1.87352403380612,0.297722154414775,4.00561548512281,20,0.0718436315218444
6,5,140,3,4,5,0.102977575292263,2.11822283215019,0.966369486359956,4.45075915909652,12,0.0514771928655217
13,2,75,9,2,7,0.1,0.776303752727152,1.42668188368232,2.24291801290417,10,0.0394150860978201
13,2,49,7,8,3,0.1,0.892636324466039,0.459285193362031,1.91173937005856,15,0.0668625309796869
14,1,91,6,8,1,0.1,0.954463151359741,0.36286304870025,2.31326284657507,18,0.07193793302084
11,3,97,1,2,4,0.107616829942923,5.20314879288193,1.53169137212083,6.69730023463865,40,0.164937090523624
5,1,153,5,7,2,0.1,1.27037654724649,0.477135361556174,3.83289655292494,9,0.0348086752738523
11,4,39,7,4,7,0.1,0.801592893432436,0.547820933267604,1.64633454458687,11,0.0316591218417363
11,3,160,4,10,6,0.1,1.66451667061833,0.324335216529305,3.50536250036927,15,0.0417563587677696
8,1,103,3,6,1,0.1,1.82728738825873,0.51367900051487,3.91307819539387,17,0.0702442805335129
6,5,63,10,3,5,0.1,0.696677161353831,1.0934202185782,2.4358268445977,11,0.0694310260051595
8,3,31,4,5,9,0.1,1.44407843975456,0.624377223525652,2.62084571850899,10,0.0222558067311957
6,1,141,9,6,6,0.1,0.78159423313134,0.465160301786093,3.37923970323129,11,0.0375029745488651
7,4,81,1,2,2,0.213610714019788,5.19300816628071,1.61469727892169,7.04127859819416,29,0.126125739057839
6,2,72,5,3,4,0.1,1.22486808735688,1.00118543271191,3.26533389199768,14,0.0541578777069702
12,4,74,6,8,4,0.1,0.915466938049632,0.469363865387439,2.4913358054711,15,0.0432207647609626
12,3,156,9,10,7,0.1,1.00150996416084,0.372530386383202,2.9048122953767,12,0.0591056223545291
8,1,170,6,6,9,0.1,1.31408712350945,0.21818944587362,3.67974069276558,10,0.0510869343552297
7,2,112,9,6,7,0.1,0.936950702131861,0.578463621006803,2.71126935527514,10,0.0426830348344938
14,2,39,2,4,9,0.1,2.61594715794129,0.761456571763453,3.40964887399458,23,0.0966694834026277
6,2,88,7,1,6,0.1,1.13471070828529,3.01808891948017,2.78468432160696,6,0.0312689756723075
14,2,158,3,10,8,0.1,2.07837058682566,0.169606995140638,3.88729526615689,22,0.0932213628531595
10,5,146,2,7,3,0.127095473369577,2.68748020073539,0.327773869836259,4.56851382588448,23,0.0942403000859262
10,5,82,5,9,6,0.1,1.05423689392807,0.329174455209555,2.70855117105594,10,0.031171426610007
4,3,24,7,1,3,0.1,0.599881299441239,2.88210798766472,2.54335604769528,12,0.0501655262710246
7,1,90,5,10,3,0.1,1.21884718819732,0.152278097176185,3.04684951337183,14,0.0425513141564715
10,1,21,1,5,10,0.132414618149032,4.92918233685252,0.661028455224854,6.01530890571637,34,0.150281104199284
15,2,56,6,9,4,0.1,0.876480847108436,0.305013967601513,2.20952896943289,13,0.0400649036830904
11,1,25,3,4,4,0.1,1.53290038292657,0.708425454344526,2.77816160304412,16,0.0684137575707783
11,1,57,8,5,5,0.1,0.529143547283707,0.80329337997043,1.82532673668268,9,0.0346985271732129
11,1,50,6,8,5,0.1,0.978069339197747,0.274272674140491,1.91985307705876,12,0.0509117621684741
15,5,67,5,7,6,0.1,1.04721882951019,0.488613841239551,1.96148985007662,19,0.0945302116894038
12,3,146,4,8,8,0.1,1.48431732923017,0.329194132062086,3.33660303265805,15,0.0396193597574648
11,2,95,5,4,4,0.1,1.05503585140717,0.780534642525506,2.74539441867394,13,0.0447125813530914
6,5,47,6,6,4,0.1,1.15314375698952,0.520389811861835,2.76517311327134,11,0.0477542348607127
10,1,80,5,2,4,0.1,1.30143942190901,1.46896838815942,2.45937314540091,13,0.0579481923153589
3,1,145,8,7,9,0.1,0.951678292815022,0.562410475722547,4.51078125251882,6,0.0249291695763195
7,4,30,2,8,10,0.180591232204195,2.70310340354322,0.278690742071749,3.62282828063985,13,0.053220490701972
14,3,161,2,9,2,0.1,2.78848471329009,0.348406033183868,5.33091664795797,29,0.112181725554801
4,2,72,6,4,10,0.105647435724216,1.11235684938408,0.601263831999011,3.58647055902765,3,0.0223187426862802
3,1,88,5,3,1,0.1,1.12058955455996,1.3109819855374,4.25272209733693,14,0.0443397681779548
3,1,47,5,8,8,0.1,1.08834989397983,0.483321618607212,4.28402507663177,6,0.0170531483875607
12,2,107,2,9,6,0.1,2.62308259901873,0.336936854196346,4.16901549606377,23,0.0761042312792067
9,4,190,5,6,3,0.1,1.23615240866468,0.564490518055929,4.02275649256482,11,0.041142869438775
10,1,162,7,7,8,0.1,1.04844735947694,0.566653015129698,3.11373291994034,11,0.0562008563484781
11,2,132,4,4,7,0.1,1.5120759629131,0.84769253905982,3.24135808038523,11,0.0429068857315833
13,5,169,1,3,10,0.1,5.33427725681347,1.21195997847808,7.11401959747778,45,0.179642040693991
5,5,52,7,8,6,0.1,0.735324469387302,0.313160588011274,2.91815270353057,8,0.0374189890202871
14,1,183,4,10,7,0.1,1.62017985454412,0.305072266604929,3.50275811066925,16,0.0570790312639206
5,1,69,2,9,1,0.101467146050651,2.69353508875778,0.479153031713526,4.70225268167775,14,0.0620862350692913
11,2,105,6,4,9,0.1,1.11542530488693,0.680358352908667,3.07510930523093,11,0.0468557228320677
12,5,91,5,9,8,0.1,1.3568109807693,0.232551282453915,2.38577761114534,14,0.064424108582146
10,5,65,4,5,4,0.1,1.41748763910844,0.479432396022827,2.69213606586898,20,0.0738316651688376
3,5,111,1,9,5,0.542719421743082,5.16366594147514,0.170874393626259,8.66652322487303,16,0.0741115396498683
5,3,178,6,2,1,0.102873266045541,1.29649471808848,1.60899954970914,4.41221476562985,14,0.0640036632968723
3,2,145,9,7,2,0.1,0.992585037357422,0.377576103879754,4.47271883649811,9,0.0441878308150046
14,3,56,5,2,10,0.1,1.11539046279195,1.48065565145457,1.89528490669059,13,0.037176076629553
13,3,61,3,3,4,0.1,1.71327317586965,1.03688731525181,2.60778269716551,21,0.100925578639591
13,2,62,2,9,3,0.106606137961904,2.51419167663313,0.11369809182311,3.97342857347649,31,0.107113552841812
7,5,49,1,6,10,0.156560434150593,5.10196042999138,0.554762232443241,6.27765437981681,24,0.118153289656768
3,2,137,3,1,6,0.143927164238886,1.87980213007545,3.12000618915112,5.28148124730441,12,0.0566814075098686
14,1,62,1,10,9,0.118504529406805,5.03953634957315,0.163971767828332,6.21742409110565,46,0.17807951498262
5,1,103,6,6,10,0.1,1.10940340990644,0.558466816524453,3.51873123062014,7,0.0387613876541173
13,1,194,1,6,6,0.19876496162025,5.35005707146288,0.359550272143222,7.61810597528613,41,0.162652663574894
15,5,47,8,9,10,0.1,0.718569767234773,0.589444244931626,1.72435034981091,11,0.0480140795990102
6,1,153,4,4,7,0.102564849670146,1.46917053122869,0.82387282892455,4.01844934946032,12,0.0627035144112126
10,2,132,6,5,8,0.122540687335995,1.09127528801538,0.486266267367967,2.97658523377082,10,0.0280880823046346
13,2,160,5,4,4,0.1,1.33942130349625,0.879299772298061,2.9283620354675,12,0.0482980730667068
11,4,76,1,5,3,0.250738859361846,5.11445907947748,0.497391915944071,6.50721917598332,44,0.185875174957503
11,3,144,3,3,8,0.188218471536678,1.85001230308024,0.976155036515807,3.27637624383388,17,0.0563698486748399
11,4,41,1,10,4,0.14156033154292,5.20184862447894,0.444599865724543,6.08117143363826,40,0.161341546974595
7,1,159,4,6,8,0.1,1.58533480582447,0.440787062088005,3.64994245945689,10,0.0355074605359936
11,4,57,1,4,6,0.155730588108525,5.11975617366787,0.701734384754876,6.35812400575201,39,0.157732570658942
13,4,122,4,9,10,0.1,1.51003420283465,0.293934920343918,2.91021588872348,14,0.050447355966567
8,4,58,3,2,4,0.1,1.78177481034405,1.63953256692693,3.46045938899762,16,0.0773530979137426
5,3,102,10,9,3,0.1,0.618679321678872,0.340297729603603,3.22993106442737,6,0.0110779390947824
15,5,120,7,3,10,0.1,0.981452287258173,0.906757392420156,2.61565041690694,14,0.0632259782500953
12,1,150,1,8,1,0.155480460442432,5.29732683229294,0.242842401544475,7.35157090663954,44,0.19514162064556
5,5,195,4,9,9,0.1,1.56692080845167,0.20740287424133,5.13026017211771,7,0.0520385708677266
8,5,171,2,6,7,0.1,2.6194546038776,0.407206114872994,5.51635702631721,14,0.0376574790565957
12,3,110,4,7,9,0.1,1.62331146908205,0.401011152936554,3.01767005058076,15,0.0499940431706134
14,4,132,3,7,3,0.1,1.70488015187388,0.369091410981661,3.59298465941125,24,0.0957812498754364
14,5,104,8,5,7,0.1,0.725675226619441,0.71266171611986,2.44288945145808,11,0.0475096047819641
7,1,95,3,1,4,0.1,1.89612320561426,3.01886217596942,3.68331228383464,14,0.0690833230163374
10,2,65,10,3,2,0.1,0.734492868104771,1.03399962519189,1.92855780452712,14,0.0567127960500379
8,1,179,3,7,10,0.1,2.14375464637815,0.492817990675494,4.23066772003414,15,0.0742421293811538
10,4,24,10,4,1,0.1,0.655230439257553,0.935830231221182,1.17122627369776,8,0.0333371347922713
7,5,178,10,8,9,0.1,0.663443166540642,0.443427534426154,3.28671928431758,7,0.0315981579837322
10,3,89,2,6,3,0.133883246719902,2.73193456913906,0.315430504709738,4.44977382817718,26,0.0897875547436035
3,3,83,6,7,8,0.1,1.15594704514667,0.360044863279618,4.66267789080687,9,0.0374291755152569
10,1,60,2,4,2,0.1,2.66518822222411,0.598337851758319,3.8275983700377,21,0.0842388754819089
11,4,167,3,7,4,0.1,1.96522472374108,0.191879273546398,4.42391887611755,20,0.0623705679447043
13,2,184,5,9,3,0.1,1.29787323248851,0.150261640029247,3.37782777908817,17,0.0670580131937727
14,2,84,4,6,2,0.1,1.53289191353914,0.466424758247579,2.73436035728823,17,0.0592504433151858
4,5,38,6,2,3,0.121762183383696,0.934206099817857,1.64616862284311,3.28211476556701,7,0.025624824749636
3,2,107,6,3,6,0.1,1.04878607764936,0.911144647870999,4.17771668727254,10,0.0377063395072143
11,3,182,9,5,3,0.1,0.973263486348406,0.632497198933109,3.35086586538341,15,0.0650760718423556
10,2,137,9,10,10,0.1,0.712994770156475,0.262341521307247,3.15054251007779,11,0.0463228735962916
9,2,117,1,9,6,0.1,5.32358389903941,0.172871357580744,6.78705554238329,34,0.140490886575367
4,1,179,9,9,5,0.1,0.874375458685474,0.348442783968679,4.38562710832476,11,0.0474165471967694
10,3,77,3,3,7,0.1,1.82864003880032,0.936803831171828,2.83079333377474,18,0.0924353164380539
3,2,163,8,3,6,0.1,1.02932276388565,0.995632820276774,4.90227770369409,7,0.0222631732675745
4,4,141,7,1,5,0.1,1.0052703201514,3.26778309023941,4.12411187820117,9,0.0485418773804786
15,2,165,10,2,6,0.1,0.79666039564887,1.49128131269307,2.83878504184828,9,0.0315069619866636
10,2,172,8,10,6,0.1,1.16851658413938,0.355787687459693,3.17724231012562,13,0.0798951390045509
13,3,131,9,7,3,0.1,0.83135871784344,0.386778747930299,2.03928469594101,14,0.0698487128715873
13,1,32,8,3,3,0.1,0.560625477776523,0.850101761373541,1.48493317033092,15,0.0696320743679285
14,3,148,5,1,1,0.1,1.38620094461786,3.05763518748384,2.86849895479948,18,0.0774247173860198
3,2,160,1,9,10,0.539744027491525,5.22309259154089,0.356686829710754,9.41290812362815,15,0.0552736778648936
13,2,127,8,8,3,0.1,0.856475962489198,0.352511607493819,2.81759805740212,15,0.0827774639081415
5,2,36,4,4,7,0.1,1.34885586806575,0.590797545456697,2.96961160426385,10,0.038737769439646
8,5,68,4,3,4,0.1,1.40219500528298,0.852823494196186,2.8625941770651,16,0.0722962123164157
4,1,44,7,3,7,0.1,0.910491370603534,0.972450764817164,3.29839369832554,5,0.011633074540195
6,4,143,9,2,8,0.1,0.857449590756495,1.5698050048734,3.13548596313054,6,0.0224042064733528
12,1,90,5,10,1,0.113190937919177,1.32998546691851,0.171490543180061,2.68706244421263,16,0.0678673374248814
8,3,62,7,2,6,0.1,0.95963182692034,1.49602109095582,2.51773349998626,10,0.0314577945692595
13,3,109,6,9,6,0.1,0.974428469893792,0.369384131584968,2.80645179672544,12,0.0468445924739494
15,3,118,1,6,7,0.1,5.45895473290282,0.391122259880946,6.84629381195103,50,0.192803756185884
6,2,104,3,8,9,0.123323379816313,2.01380614407164,0.265312277275552,3.85103277292201,10,0.0380649830754177
4,4,191,8,2,1,0.1,1.28211569862733,1.4450482069524,4.61615063741873,14,0.0597280605080012
7,2,197,1,3,4,0.29393888957162,5.47663925549161,0.896752091801362,7.99822540296643,31,0.133669163956254
3,5,126,5,7,1,0.1,1.11171838639157,0.472281755165038,4.89181975110045,11,0.0354446411974523
13,1,70,6,8,7,0.1,0.863308167728621,0.226589675905681,1.90682682654964,13,0.0622019435137985
3,3,20,7,2,8,0.1,0.925862038361267,1.38719842721152,3.54962756878346,5,0.0296575402276667
9,5,43,5,8,10,0.1,0.980323352664466,0.502767162934088,2.52021236019399,11,0.0438226620538268
15,1,21,3,6,6,0.1,1.62545102695488,0.411817751777952,2.62247134879381,21,0.083871324775398
13,4,93,2,4,5,0.125115491000308,2.62697094101912,0.712060919790345,3.91714123753402,25,0.0907060613829228
7,2,180,8,2,9,0.1,1.04965204626428,1.53188106164399,3.43850915655298,9,0.0490285789726363
13,2,60,10,9,1,0.1,0.726761055701717,0.342126487691068,1.44425679859867,15,0.0533238126941072
3,2,199,7,3,7,0.109827427655116,1.17421944235203,0.848065869659176,5.15776370727605,10,0.0467033912556521
5,2,121,9,3,2,0.1,0.970198025103521,0.91119778626691,3.22439232587528,7,0.0268871692573874
3,3,141,5,8,6,0.109381762481367,1.21049223997263,0.48615720865317,5.07771242916653,10,0.0383269606561491
9,1,108,2,2,5,0.103762818085755,2.66970929748143,1.38240838864683,4.65025382264755,25,0.109876933781821
4,5,32,5,10,3,0.1,1.1140143061501,0.395231414046708,3.2395341800473,9,0.0326349194154941
15,3,175,4,1,5,0.1,1.60449179812701,3.00670574615337,3.32814956202231,18,0.0596250588953502
8,2,132,9,5,1,0.1,1.00626836296442,0.513271069935455,2.84593187013161,13,0.0475550846771476
11,5,26,4,3,10,0.1,1.23724864234285,1.04157007111948,2.31961689648112,15,0.0786351868074238
14,4,60,2,3,3,0.1,2.67073056244235,1.00648736425846,3.449131184475,29,0.124840597062207
12,2,141,3,1,6,0.1,1.94564102027003,3.07170418366744,3.81253694536596,19,0.0753808722115743
8,4,72,4,10,2,0.1,1.36024845539035,0.430588012398483,3.0396030568495,17,0.0653569535141315
14,4,149,9,7,5,0.1,0.874623416705231,0.446609649134973,2.68741055673743,12,0.0491866739820708
5,4,32,9,3,3,0.1,0.785780981372338,1.1368664282991,2.34208744986108,12,0.0573742518600991
11,5,161,5,4,4,0.1,1.26667000894896,0.709803080769932,3.40125970499756,17,0.0732541433024712
7,4,134,3,9,3,0.115434084058056,1.79070482193388,0.203373535286359,4.28066932544346,16,0.0620888868217113
13,2,174,10,10,3,0.1,0.91345906895446,0.425565776701272,2.91966320900003,14,0.0611721139731932
7,3,116,7,9,7,0.136225057576171,1.04033375872895,0.308576794322733,3.08508429662047,14,0.0588206067007478
12,4,80,3,5,2,0.1,1.88253842777696,0.567988572320781,3.03797567137526,24,0.10034590126667
15,1,64,1,8,2,0.159636418741888,5.12563518741657,0.391475586760452,5.87348169497929,55,0.207410964208077
5,5,180,1,9,10,0.301891435832712,5.37591171785641,0.372186152153729,8.4546964264035,20,0.0827953455056466
10,5,63,8,9,8,0.1,0.850330716166041,0.306647090476182,2.15875190606561,11,0.0558098118882883
15,5,122,5,9,3,0.1,1.14000813427492,0.369458210771153,2.810917019895,17,0.0774809653832557
10,3,95,1,4,1,0.157765488255569,5.24826687588166,0.881706474348721,6.92601979124459,37,0.155854607829947
10,1,24,3,7,10,0.113175165233634,1.79590105559023,0.36897756388784,2.79565381255377,14,0.0600307457784992
5,4,177,6,1,5,0.112904281347921,1.05818182257733,2.84219738314117,4.43223012350709,10,0.0220259430689168
15,3,125,8,10,1,0.1,0.808807774420524,0.285750125559735,2.19805393217187,11,0.0410170981149457
14,5,158,1,8,1,0.1,5.19880161168478,0.171906211368122,7.2769780205074,52,0.204352879755768
12,5,43,1,4,5,0.1,5.15960149713973,0.678456397374917,6.30724495247443,47,0.188681007010672
8,1,69,9,3,7,0.1,0.588612698199217,1.20854309734322,2.08822622308233,10,0.0685826757986231
12,2,33,6,8,4,0.1,0.920143886664702,0.158423961192108,2.14198920258814,13,0.0456490254726394
14,3,101,7,3,6,0.1,0.929212549267797,1.06959387704834,2.32282238104283,14,0.065131697129522
4,2,29,3,8,1,0.1,1.83094285874852,0.350995044765792,3.86278371329214,15,0.0723578360652743
3,4,141,9,2,8,0.1,0.584199551095072,1.60207300694538,4.14911418583977,6,0.01
9,4,199,3,8,8,0.127961100855886,2.04655870767715,0.191933627117802,4.88903167081055,16,0.0589912658062408
3,1,77,3,5,10,0.163541324212532,1.79148933441382,0.681201130395178,4.93516956234634,10,0.0596673664876843
11,4,48,7,4,5,0.1,0.898403409899009,0.720633799328153,1.90758432239265,14,0.0430250226096018
9,5,142,4,8,10,0.124706824003222,1.65846194951819,0.318997241263713,3.48333033059505,12,0.0456519272599478
8,4,38,10,8,9,0.1,0.565385191263739,0.477183031740616,1.82226002518368,6,0.01
5,3,60,9,1,8,0.1,0.59958262002799,3.07266402167465,2.90688381675747,6,0.0221260797221968
12,1,46,4,3,4,0.1,1.23274925482108,1.13400606348422,2.2907115470353,17,0.068354105317032
8,4,80,9,1,6,0.1,0.673208584028982,2.96249833532676,2.44188021771481,8,0.0259609186200545
6,1,87,1,9,8,0.254855166446192,5.19777540470129,0.477670054015964,7.31522267697827,25,0.0902280108381751
8,3,129,10,3,7,0.1,0.721810906117223,1.19209179851297,2.68303135635304,8,0.0302338537740927
3,2,132,6,9,7,0.1,1.16472422485163,0.196867268902844,5.02540226459817,6,0.021692925587093
6,3,121,4,10,8,0.1,1.47434101945351,0.325987316613631,3.75164665472179,10,0.0404400272964402
5,2,112,1,5,10,0.355175229115381,5.00271065969696,0.628924218214438,7.38129676937312,18,0.0707640288171435
11,3,27,9,5,9,0.1,0.5,0.606530146899571,1.50262841927186,6,0.01
4,1,51,6,5,10,0.1,1.03237742565267,0.632409315648334,3.54726943125822,5,0.01
14,3,121,1,7,9,0.153601569673416,5.1744225437331,0.403162282352101,6.64143779637084,46,0.180563301458126
11,4,159,3,8,8,0.1,1.98318884562172,0.299297960262961,3.97548166166852,18,0.0609643233791277
8,3,192,9,9,10,0.1,0.849980503711982,0.45512455026058,3.34162008823114,11,0.0346566073665152
6,4,30,10,4,8,0.1,0.599623001714877,0.773844199461695,2.10705645711288,8,0.0377533074811097
6,4,189,9,8,9,0.1,0.852088560304632,0.329029156457325,3.90350333500692,7,0.0419767376061719
7,4,20,2,3,4,0.1,2.65145827506738,0.934477181543565,3.69397499250671,19,0.0938412414127563
8,2,160,7,1,10,0.1,0.952625558732405,3.06537575777864,3.21836300587279,8,0.035373276189755
4,3,153,10,1,9,0.1,0.871536806977062,3.10421492063051,3.84423119640921,9,0.0226142780482257
7,2,70,4,6,1,0.1,1.40421693336431,0.343862010530054,2.80593698870681,13,0.0441058114277018
13,2,94,5,4,2,0.1,1.23468373052051,0.666114140881736,2.52029423992377,15,0.0491394623194322
4,3,189,5,8,6,0.15370764526891,1.29826730804141,0.400340822071413,4.80216010112942,12,0.0434803118997514
15,5,128,1,2,1,0.127131986203371,5.12919842825679,1.6004885555605,6.46325996033652,53,0.209703226279348
10,3,180,7,2,1,0.1,1.08186861731278,1.53424647691447,3.2500337816656,14,0.0503782661528917
8,3,109,1,10,9,0.164691415333574,5.23555235117546,0.453797174483908,6.95448797640649,31,0.105489057882003
12,4,55,2,6,5,0.1,2.55324807330725,0.43265220622312,3.21157099627261,22,0.0929341244461203
3,3,74,9,6,10,0.1,0.719873428521715,0.440408398334064,3.83339520422403,6,0.01
3,3,39,8,3,5,0.1,0.738396976430754,1.1405364901478,3.61628471577497,4,0.0107276581969817
11,2,171,9,4,4,0.1,0.917408500098764,0.626641420032344,2.726791661001,9,0.0283661495738209
5,1,197,7,4,1,0.1,1.27332192405921,0.693565116823783,4.09232309052351,10,0.047580690521521
8,1,90,1,3,6,0.181627739792711,5.23889043507669,0.953263466300163,6.9068407123427,29,0.109868213267321
8,1,121,5,10,7,0.1,1.28749948950955,0.260544654720515,3.21092372451346,13,0.0446081676337874
7,3,131,3,6,3,0.1,1.90265980509302,0.580728822972152,4.22073097500319,18,0.0584292060254067
5,3,31,6,4,4,0.1,0.73577196859196,0.806180507606687,2.87068620449026,9,0.0352940812110414
13,4,24,3,10,9,0.1,1.86562805123201,0.290975749406212,2.31654287108791,16,0.0577619802796873
3,3,183,6,6,3,0.1,0.95801130684991,0.38768609983744,5.68341493509883,13,0.0368637417994113
8,2,117,7,4,2,0.1,0.753819840142692,0.805209024131441,2.93249323756241,10,0.0423882256063717
4,1,68,8,7,6,0.1,0.765328365936727,0.684582970065613,3.13453800370848,9,0.0521281376239967
11,2,43,6,2,9,0.1,0.876484168351269,1.51817754968837,1.9398698302015,12,0.0363918188859371
5,3,171,7,1,2,0.1,1.03955451359598,3.09693647577776,4.26565436054916,10,0.0343815358396985
8,1,186,2,8,10,0.1,2.98604294843496,0.35237132310522,5.64487634856719,19,0.088263127584661
7,4,186,9,9,10,0.1,0.915642842521594,0.161753924518038,3.77389032053259,6,0.0304301750704176
5,2,144,10,7,4,0.1,0.732387751439948,0.420419037769929,3.71768571808807,12,0.0391039336442976
3,2,116,6,5,9,0.145461492310695,0.980749331258563,0.574178762457725,4.66508458462016,6,0.0286939468105542
8,5,53,5,9,1,0.1,1.02990996258686,0.393149240479511,2.50014164080109,17,0.0766224680712767
4,2,109,9,10,4,0.105728460106195,0.942293836411282,0.191668088775002,3.47843332705669,11,0.0461019820577664
5,4,85,7,1,6,0.1,0.851385068296051,3.10133415244018,3.11496883733684,9,0.0261313263405051
12,5,100,10,8,4,0.1,0.618348743607907,0.357480155954569,2.16280783059805,12,0.0617520108553528
3,3,97,5,6,10,0.1,1.483546290078,0.426413690265926,4.68115521125747,8,0.0405687114666293
13,5,119,10,7,2,0.1,0.813865329082689,0.484565755927196,2.21708217691274,9,0.0416133048155358
12,3,140,5,9,6,0.1,1.39275780338153,0.335666683523449,3.12086899689457,15,0.0474498641095599
8,5,25,2,5,2,0.120982475288989,2.67604957524114,0.597719626795238,3.90364748091521,19,0.0786491508367858
10,4,117,10,5,10,0.125137602329325,0.711546372783837,0.571792232580341,2.06214254811028,8,0.0197085870247338
7,2,141,5,7,9,0.1,1.29726095088388,0.425168037311364,3.42059221056023,7,0.0269264564566569
8,2,165,7,10,4,0.1,1.04672059761238,0.209522223405496,3.38357799915993,14,0.0618068612715117
5,5,163,8,4,7,0.1,0.769031331583057,0.841156613845362,3.81259620502339,10,0.0463170249044479
11,5,146,2,8,5,0.1,2.92732866590577,0.493783794736412,4.77876755512147,22,0.08879123058498
13,3,61,10,9,6,0.1,0.681378261541125,0.553610374868838,1.88726843996959,10,0.0541474421683107
5,3,77,2,2,10,0.1,2.73863558059596,1.41632132984959,4.87988675112206,11,0.038186956258171
8,4,183,5,8,2,0.1,1.35765675775048,0.485664261535376,3.72316602854611,15,0.0493778776132817
4,3,20,8,8,10,0.1,0.664133600473834,0.265847704998505,2.84916340286732,5,0.0311167215110763
10,2,147,4,7,8,0.1,1.54610356712336,0.330370029014406,3.63785270753845,11,0.0497872126401702
3,5,106,8,3,4,0.12827446612837,1.00966301809798,0.954048195862505,4.6535835823067,10,0.0275457548947111
8,1,152,4,3,9,0.102852800756849,1.53208984116322,0.993528511301819,3.37065395059043,10,0.0448466316295131
10,5,110,8,6,6,0.1,0.860775368155914,0.410618865636906,2.56153392883498,8,0.026457308743308
12,1,86,9,2,4,0.1,0.970392337443909,1.38775424491951,1.82999997750895,12,0.0516227643836915
7,2,87,6,10,4,0.1,1.04701564175223,0.250736643530414,2.7789587720409,14,0.0599336782574094
13,1,46,8,6,10,0.1,0.67934255057807,0.363366020854766,1.74531590940327,12,0.0593819341016939
4,1,106,2,7,7,0.168937064119346,2.80234709453179,0.377263799971308,5.71206803682404,12,0.0414690207090891
15,5,190,10,5,10,0.1,0.748946318477089,0.634677265634077,2.87739984465942,10,0.0389147861333263
9,3,187,3,9,8,0.1,2.12879876238801,0.293158751065404,4.3468965999009,15,0.067324367772309
6,2,47,9,8,8,0.1,0.803432674410323,0.499990937918647,2.46540257957464,6,0.0164211685027232
3,5,144,10,4,10,0.127701986479936,0.90705622863806,0.585505934123863,5.01631710479392,6,0.0236178934733068
9,3,118,10,9,8,0.1,0.82180348358724,0.210440318776358,2.69871084254525,9,0.0510826266680912
9,3,61,9,10,6,0.1,0.580769262716036,0.305452078677301,1.99067829421558,12,0.0421630031591717
11,4,25,10,1,7,0.1,0.556670619342292,2.89094976417682,1.58260246521248,10,0.0421073601995002
3,1,52,10,3,8,0.1,0.545120726839147,0.898623374384685,3.61352657853535,4,0.0274582631786289
10,4,117,1,5,6,0.169969155063295,5.24700319388544,0.512904946594571,7.04939379980266,37,0.149013093855305
13,3,129,2,3,9,0.1,2.67862275168306,1.10872724797648,4.22873918354545,25,0.102045748424131
15,1,155,2,4,4,0.102231265025466,2.90782468211893,0.659933189968085,4.39923580266999,29,0.145727449482312
9,4,82,5,3,9,0.1,0.911001500604493,1.0722378869126,2.6160207553879,12,0.0290586889533953
10,3,200,2,7,1,0.1,3.04599479594454,0.535238999781588,5.09954333641742,25,0.0773119797847008
9,1,195,6,6,4,0.1,1.23038273463113,0.291790347040061,3.56703316115862,12,0.0397088121359705
6,2,20,7,8,9,0.131803595619564,0.676345967241043,0.488468061862157,2.35768169755518,9,0.0372856065848067
15,2,162,5,9,3,0.1,1.23530157682862,0.429018582198592,3.21770714414464,19,0.0760588394157279
10,2,161,8,8,10,0.1,1.06804424794274,0.429668488526376,3.08208304776306,10,0.0380930310371874
3,4,148,1,2,7,0.50334117290203,5.25518950740062,1.34223337783849,9.24523342522315,12,0.0432192549242302
9,1,94,1,2,10,0.177167682568174,5.22859754250671,1.46771590915696,7.11100920151246,35,0.147391459501413
9,4,148,10,3,6,0.1,0.880225702398842,1.11820391944493,2.86948040593802,10,0.0492604185497662
6,2,72,6,10,4,0.1,1.0139559417055,0.298474071586836,2.82861461059893,10,0.0502066825195972
13,1,144,10,8,8,0.1,0.720780164988075,0.526805733477187,2.64278583498486,10,0.0500768623774945
12,4,57,9,8,4,0.1,0.700525304240549,0.435829339114228,1.79103050934946,12,0.0524365759399812
8,1,74,3,10,8,0.1,1.87394936529447,0.239401569265448,3.43681155958544,13,0.0437026317894236
8,1,174,10,3,5,0.1,0.75014727144965,1.03659312187571,3.18790406052815,10,0.0491621764815947
9,3,199,10,3,3,0.1,0.868015174239653,1.05329370797575,3.45297475742431,13,0.0463330020634332
15,3,35,2,6,6,0.137681697795075,2.6517097328679,0.492838276022637,3.15696705159714,30,0.117582113690485
11,3,172,2,3,6,0.1,2.80953954013595,1.12300924300937,5.26866502297609,24,0.0929930362872323
8,1,189,3,2,6,0.1,1.86281987164355,1.51645420071067,4.6642128559924,15,0.0483745979687444
5,1,125,1,4,2,0.283375517650749,5.28224072951198,0.705720196265558,8.08783828830556,23,0.106151067732072
13,1,38,2,7,7,0.104605987754589,2.58601488511089,0.503431252084982,3.52589155772279,25,0.104744992710568
8,4,189,5,6,4,0.1,1.47837924754141,0.465670819031268,4.0519992359977,13,0.0347543676055426
8,1,185,1,7,2,0.160118982492237,5.20951119866611,0.428372186529736,7.89014270325909,34,0.134105931519413
13,3,195,2,9,9,0.1,2.8848740851948,0.343422651308653,5.38352631242511,28,0.123951372804118
8,3,165,3,3,3,0.1,2.09494735084708,0.794870336860706,4.42752230627799,13,0.052266848712042
6,2,90,6,8,10,0.1,0.966547701465989,0.167010155406491,3.19158925745354,5,0.0249927161933912
12,5,181,2,6,4,0.1,2.70420253196131,0.505302788937918,4.81233755096404,30,0.117440752035925
9,4,20,2,5,7,0.144427733729513,2.52578011492379,0.678447097793197,3.71449671791677,17,0.0620541821542077
3,4,119,8,1,4,0.1,0.886199922158614,3.00175405965861,4.61357534637239,7,0.0291281361764062
11,3,120,10,8,4,0.1,0.786339006520062,0.277152317136345,2.51606045164186,9,0.0232290022480751
11,1,158,8,4,6,0.1,1.00596181927529,0.635890600673916,3.14572646455768,13,0.0498550869382858
9,3,190,1,6,5,0.144472384169359,5.4046530857637,0.534849140293688,7.81091114109285,33,0.122746118892481
3,2,104,8,6,5,0.10354547266844,0.779997765554497,0.387980441480108,4.3794547668804,9,0.0248969360285588
6,3,67,3,4,10,0.131344084334516,1.80404695050988,0.662998949661126,3.85444862793387,10,0.0471682071117882
13,5,42,6,9,6,0.1,0.968251060342434,0.410574506006653,1.89108242245605,16,0.0693410999643453
15,4,177,6,4,9,0.1,1.14928406311381,0.931479614681473,3.26372706645047,13,0.0615233094581791
15,1,116,4,6,2,0.1,1.4765998784721,0.533638314558881,3.10305908983803,21,0.0956071127457335
10,3,109,5,3,3,0.1,1.20980177404634,1.09714350702434,2.86822757285085,16,0.0467036359141931
13,4,162,4,7,3,0.1,1.53050378488055,0.330944777304244,3.40942038210985,20,0.0841487814118372
11,1,96,10,4,7,0.1,0.680245326740384,0.750068941038764,2.43088247302251,11,0.0512148734263126
9,4,126,2,7,4,0.1,2.6309319475035,0.374362149356202,4.79007617493905,21,0.0825874825299489
12,1,199,7,3,10,0.1,1.02512619210189,0.846236995551362,2.8688006928278,9,0.0142285846454456
9,1,100,3,6,5,0.1,1.82639160344108,0.410832162196531,3.73499372426534,16,0.0499569321920952
4,3,58,2,2,8,0.270747774552825,2.42557177086763,1.711987343206,5.15240784729466,13,0.0402146860447437
13,5,156,6,7,5,0.1,1.04059803893138,0.503357492972045,3.25819462335532,14,0.0564429533512462
14,1,74,4,1,6,0.1,1.4526275819198,3.01068134103802,2.64245303495746,19,0.0657505029705994
6,4,142,1,9,2,0.252241552820078,5.30309364051412,0.137283524074046,7.68718402312925,27,0.110021146722599
14,1,71,6,3,5,0.1,0.864330942413955,1.19823409925697,2.18638436754929,14,0.0553031270608265
10,2,51,7,10,6,0.1,0.822072803969845,0.187807167182046,2.07498825337972,13,0.059831987486532
3,2,134,6,2,10,0.1,1.18561721421786,1.57157381185993,4.72298521318551,8,0.0322166758398986
5,4,117,3,5,7,0.220612376162738,1.91737250224477,0.698401096744553,4.36599443038594,12,0.0568488879004988
15,1,174,10,5,4,0.1,0.701714458413939,0.751256780847548,2.70307210013486,8,0.0244809462839225
9,1,65,8,8,9,0.1,0.828238498524411,0.45480239290903,1.96051444544161,8,0.0545453287407193
15,5,119,4,6,6,0.1,1.50897066859331,0.55680232395937,2.79945911646731,15,0.0502249585014098
6,1,63,9,8,3,0.1,0.697915684061197,0.356387826163854,2.41502270407827,8,0.0174885362123409
6,4,83,9,7,7,0.1,0.805486386564789,0.605959064479307,2.62277494380767,8,0.0388254304612118
9,5,53,3,9,1,0.1,1.88922877160038,0.413298795751847,3.05123896711687,16,0.0656511307716813
15,5,29,8,10,2,0.1,0.630362905551576,0.340376499134536,1.2775133749047,15,0.0546145491286788
11,1,124,1,5,6,0.166798273551834,5.37304036565086,0.564289016692415,7.07000578204985,42,0.173024850011222
10,1,135,7,3,10,0.1,1.15999700623609,1.04453380327725,2.94501155799262,10,0.0431684330475946
13,4,141,1,1,4,0.1,5.28828742953281,2.84890136578967,6.99721898720329,47,0.208130664125387
3,1,173,8,10,1,0.1,0.975094280358273,0.232685530632446,5.05952824503933,15,0.0526122129791848
11,2,93,9,2,9,0.1,0.715807599750979,1.40255642837518,2.02992468686807,8,0.0394586842632623
12,5,35,3,10,6,0.1,1.68582103459104,0.357921990558683,2.68322628888815,19,0.0768002767842944
3,3,44,5,1,9,0.1,1.06736557699063,3.1093940836801,4.01379465796137,8,0.0320475587820065
11,4,104,7,10,5,0.1,0.938883394676372,0.275969382181584,2.85175303350696,16,0.0471392132083984
8,2,192,10,5,5,0.1,0.931864798613807,0.550504412572185,3.4108832569046,15,0.0670628773169766
10,5,70,10,2,9,0.1,0.773837183839335,1.5439801017459,1.87872490464772,8,0.0487481723248552
13,1,199,1,4,8,0.23436644179504,5.13645520716959,0.787105108837648,7.42122098035613,45,0.178517004906931
13,1,54,6,3,9,0.1,1.09600341321988,1.0907834068765,1.98238285139773,13,0.0371367809662641
11,5,41,5,1,7,0.1,1.07808615500871,2.95094843573022,2.44155737996834,14,0.0608370332262606
10,2,167,9,5,6,0.1,0.925181062301442,0.634146730312508,3.13149060574087,13,0.0538771790188255
14,2,94,7,2,8,0.1,0.853485531842658,1.48579782710158,2.13359904571643,12,0.0547729538455138
13,2,50,2,8,8,0.1,2.49615484204876,0.464473900925985,3.80971940157817,24,0.0887564953177893
13,1,135,2,7,2,0.1,2.65034502963203,0.405187124774189,4.17934266833096,28,0.114370709465328
8,5,156,6,6,4,0.1,1.20185115563059,0.279624823977897,3.70095016517696,15,0.055399146658032
12,3,115,7,7,1,0.1,0.887449360044427,0.505241019928141,2.32933972860609,14,0.0674758195466554
13,5,106,10,1,10,0.1,0.821736790019978,3.05086994235012,2.41601214615011,9,0.0401932804856146
15,3,38,1,9,1,0.164973339546644,5.08694371990376,0.40127088467158,6.10112431007508,56,0.221448452972706
10,3,167,1,7,5,0.206891308728607,5.39583174010837,0.354865291816027,7.33686466791655,38,0.174668232053231
7,5,113,2,1,4,0.1,2.75063165902167,3.04509433604644,4.89211894559886,17,0.0511710499299922
11,1,136,9,1,4,0.1,0.892365175643628,2.92349644594583,2.74053950323475,12,0.0672363854134866
12,2,60,7,3,1,0.1,0.738038915720676,0.97253407173924,2.06426244718517,15,0.0654643939571177
12,5,120,7,7,7,0.1,0.901502958075768,0.420001783371984,2.25702518943281,16,0.0655563159302784
9,2,182,1,1,1,0.129328389047884,5.36362120955501,2.98855100049725,7.56672619374535,37,0.13509620612048
7,1,140,1,4,6,0.218107725413373,5.22805451808647,0.776672056179223,7.29507783807306,30,0.135368306539511
15,5,67,1,10,6,0.103853644244253,5.02303191652488,0.50288084305788,6.40668369486359,54,0.223147608290243
8,5,174,9,6,1,0.1,0.75358693988725,0.338538763653768,3.56347391811763,14,0.0571178099725255
10,3,189,7,7,9,0.1,1.00768396398834,0.475976041923913,3.5499874375645,10,0.0386707674988108
4,2,53,8,2,7,0.1,0.558563305838809,1.54495697914563,3.34370612819049,7,0.0272412355038233
3,2,146,2,3,7,0.12143320462957,2.82887340897976,1.04230942747899,6.75714444490689,10,0.0407525256250749
4,2,56,6,7,7,0.1,0.877635239165375,0.427754966868229,3.02802681585248,10,0.0445771330004275
5,5,118,10,1,9,0.1,0.887194973799686,2.96321490302747,3.33756757471252,8,0.0410525379584343
12,1,59,8,8,9,0.1,0.658708758430968,0.282210744428147,2.03285393329397,10,0.0471784376953457
5,4,100,10,3,2,0.1,0.725387991445485,0.924384141277208,3.1208365227491,12,0.0330982243227531
13,3,21,6,9,10,0.127330948473782,0.851565829399268,0.188112954003003,1.9604937598045,10,0.0548479690304793
15,2,158,7,9,10,0.1,1.00807393728617,0.442846130447656,2.89727142506838,14,0.0547432820592339
11,1,61,2,8,1,0.15434272230412,2.69153185294014,0.41735610490355,3.43283877490849,24,0.0835087509934815
12,1,181,6,2,5,0.1,1.16755787076899,1.5630790462533,3.33945356855729,13,0.0444573741343643
3,1,29,1,4,9,0.484455127255945,5.06006580281682,0.810736137717966,8.00789306106321,12,0.0485140586297901
12,4,106,10,3,8,0.1,0.752991566437722,0.891455384484367,2.07228386747903,9,0.0364002575750681
11,2,89,8,4,1,0.1,0.735906717622556,0.744032676456638,2.15006103250405,15,0.0331322202479299
5,5,96,10,3,10,0.1,0.81033387858918,1.04456746984972,3.05535794640179,4,0.0173097004363323
6,4,105,3,5,1,0.1,1.69555905864446,0.591688904013953,4.27370401695463,12,0.0271882353271535
4,5,176,5,2,4,0.154928778013993,1.36599436403941,1.49287131214092,4.71957867577115,13,0.074009931210602
13,5,75,10,5,2,0.1,0.688110890843504,0.592467387171522,1.77538520315851,14,0.049882118348601
11,3,80,7,1,6,0.1,0.821269901864628,2.92727637456822,2.37626887689404,12,0.0525275584289738
4,2,150,7,5,1,0.1,0.861042989571585,0.727262752335432,4.04832102616227,12,0.0494547507075063
12,3,52,8,6,6,0.1,0.699878414491043,0.380250147772864,1.57097310093864,10,0.0339595249421721
12,4,37,8,10,9,0.1,0.791616156588018,0.218207425435793,1.45482884177657,12,0.074495134558134
6,3,34,6,5,3,0.1,0.943455126357777,0.760862142878951,2.73568891537837,13,0.0499031576521763
4,3,163,3,2,7,0.184338262154924,1.96857846137128,1.54986206829738,5.25041367882494,9,0.0180688765850727
3,1,100,8,1,3,0.1,1.04634371504474,2.97463743907809,4.06069124106937,11,0.0384305064654172
6,5,49,1,10,4,0.23306188281288,5.20664316616706,0.249763865542932,6.49246037026765,28,0.0979044126299764
5,1,60,3,8,1,0.115158350975397,1.7007662376232,0.588710361707125,4.22303251046288,14,0.0582175052268429
10,1,87,9,6,10,0.1,0.868924292689739,0.434469202117725,2.28275228043048,11,0.0289506121957094
10,4,53,7,1,8,0.1,0.814905598158508,2.97299291914766,1.90145455616668,10,0.0274706964763647
9,1,137,3,1,1,0.140006034213239,1.83959207306598,2.95539153459523,3.80960562165583,14,0.0514175714835033
5,4,42,8,9,1,0.1,0.707582268267173,0.354967262429325,2.71883943739772,11,0.0452036259312237
10,4,48,1,6,10,0.1,5.13156046055202,0.495936985584712,6.46825023428781,33,0.137477944503681
11,5,117,7,5,9,0.1,0.762778891942511,0.429581174762721,2.44590746312888,6,0.0130218425361589
8,4,80,6,9,9,0.1,1.1053169692575,0.277022579861057,2.76247636483613,16,0.056979393335026
8,2,109,7,3,9,0.1,1.00228996632563,1.05513209839829,2.89594133026163,13,0.060986913280383
11,3,107,4,1,8,0.1,1.43896205265426,3.09056412686727,3.11560682204498,17,0.0590839195814913
7,3,84,4,5,1,0.1,1.53697823828401,0.425713771830163,3.35744018294848,14,0.0789376583244435
13,2,91,2,4,3,0.1,2.69388488610987,0.831475063021859,3.66021281149836,30,0.129284465566251
5,2,159,1,5,1,0.384843238826486,5.16145497812919,0.556096333834901,8.04840123165983,27,0.107546408992093
3,2,94,5,2,1,0.176550649282411,1.0643581591307,1.36406277631466,4.50146797133499,11,0.0441379121907598
12,4,104,9,1,4,0.1,0.829178975664102,3.13804856406686,2.39210069420764,10,0.0430507958405265
9,4,22,3,1,4,0.1,1.62542046185085,3.06520810632232,2.84867755172866,15,0.0594272635244912
4,1,163,2,2,10,0.141856438363658,2.87133351522748,1.44220455939984,5.81710385200996,10,0.0452160327422392
14,2,82,5,9,8,0.1,1.17042009490863,0.501266488559552,2.37767312468364,15,0.0480777781052377
11,1,85,5,7,10,0.1,1.17878868222493,0.500512240609521,2.62210518532722,13,0.0436491902408661
13,2,99,1,7,9,0.113022909601616,5.09216936415715,0.34890442893188,6.21638827982543,44,0.183525344364213
3,1,198,3,5,7,0.187700019331556,1.95636190592276,0.463068749539762,6.78426126942059,9,0.0407037435252084
12,3,36,9,9,5,0.1,0.655863405724793,0.323409084157134,1.58505823863936,11,0.0355576904338783
14,1,85,8,5,8,0.1,0.919635715091752,0.694627452057345,1.71116513823369,11,0.0520462467598934
7,4,95,1,4,4,0.238119373929649,5.35174658352324,0.825204862238036,6.83419287708044,30,0.100436446179264
7,1,145,7,4,2,0.1,0.96428322793172,0.669787733847388,3.59598479529796,8,0.0195342486443821
7,4,30,3,9,7,0.1,1.62633384336686,0.320196858597801,2.92086854446867,14,0.0434428519571484
11,3,83,8,2,5,0.1,0.705862062247427,1.60515442174311,2.5499998863372,8,0.0145888201108481
9,4,134,1,4,7,0.197594411907527,5.25758236168794,0.656922954705178,7.2699817379136,34,0.141460203002598
8,5,75,9,1,8,0.1,0.743285046351865,3.11824100917255,2.13440900206645,8,0.0222943402927407
13,4,177,4,2,10,0.1,1.65904588962208,1.5237927250578,3.46636985884038,16,0.0835648231745881
15,2,187,2,10,1,0.1,2.92292733421159,0.382108327064816,5.16655498489395,30,0.116419786954234
10,2,111,6,9,8,0.1,0.692324207105143,0.299737253694419,3.04142473514969,12,0.0349911066614859
3,1,171,10,8,8,0.1,0.961649979580446,0.405947200070286,4.77982802488208,7,0.0419421101320054
3,1,47,6,3,1,0.1,1.01111365381485,1.06834572353667,3.71284016558816,9,0.0373360080419715
4,4,64,5,7,10,0.1,1.3141213783343,0.405875113212955,3.22301368100127,7,0.0483426086627461
3,1,126,5,5,9,0.1,1.18426769873296,0.558732293434976,4.75828681365627,7,0.0195997622168212
14,1,182,6,9,1,0.1,1.19781440408146,0.247615503077332,3.18661773357174,12,0.0536226429969679
15,1,172,8,3,6,0.1,1.02896744435809,0.909578432581013,2.8268584242005,15,0.0591279166847819
11,5,189,10,9,3,0.1,0.825075724954426,0.243831006977646,2.65671298689527,10,0.0568317832333132
3,2,82,7,6,8,0.1,1.0258731750636,0.495689099595101,4.23177297057909,9,0.0274603994367865
6,2,121,8,3,6,0.1,0.961900259231385,0.987781146059217,3.24264344905449,10,0.0298467253697633
15,5,49,5,7,6,0.1,1.30070910308298,0.472473078848433,1.8207959434874,18,0.0583131270714298
4,2,28,2,5,10,0.272747476602569,2.40783876741309,0.676939895666347,4.65224206368322,10,0.0339464014064937
9,3,134,2,4,6,0.118992059296949,2.71494584117054,0.925771236849821,4.70145215322151,25,0.0915948001983752
7,4,125,4,5,7,0.1,1.5391167148483,0.686570180576847,4.04845151349361,10,0.0425680776875041
12,1,32,9,4,8,0.1,0.562152430460884,0.687753804526627,1.76620549644186,10,0.0396697942723209
15,3,86,1,4,2,0.1,5.12417792100985,0.535194345825706,6.30010525023663,56,0.233302658643009
6,2,152,8,2,5,0.1,0.920301879976851,1.67393364469989,3.07834446646082,9,0.0241260515366819
3,3,63,9,7,5,0.102482243955323,0.5,0.513511684756701,3.74910151287699,9,0.0292263759414569
13,3,99,2,7,4,0.1,2.73038179910078,0.180806467969085,3.91454446930214,29,0.114565813598254
12,3,175,6,9,3,0.1,0.990058172175355,0.136821113672315,3.19165981222369,12,0.0566951306357548
13,4,109,5,6,6,0.1,1.06295566483881,0.503824697574603,3.02878279421761,15,0.0682768496131888
10,4,69,9,3,7,0.1,0.5,0.991545861864988,2.11142613157846,9,0.032154541319075
3,4,150,10,5,2,0.1,0.920036537095223,0.650325793419556,4.76382921834324,12,0.0465556745530819
11,4,96,2,3,6,0.1,2.79652253300816,1.02121933328981,4.26365726227959,27,0.124764194624684
15,4,200,8,3,10,0.1,0.908162231081544,0.922808715661474,3.63525368525684,11,0.0448134770074645
3,4,110,9,1,6,0.1,0.783545065438484,2.95920349818058,4.22585861763187,6,0.0351293304924428
4,3,144,2,10,1,0.159446486600662,2.73583460947972,0.285959253232717,6.02263178529299,16,0.0661659597707889
12,1,168,4,3,4,0.1,1.51515168925838,0.884468401814989,3.36727019423253,18,0.0845844389723053
7,3,53,4,5,1,0.1,1.35342129242202,0.529637518315185,2.8347938874879,13,0.0385566263805322
4,5,50,6,2,3,0.1,0.934014453908443,1.43123435648793,3.03285715002739,13,0.0502668639080838
15,5,48,6,2,2,0.1,0.853499942225724,1.56987023499838,1.9157945835789,14,0.0539127047297348
4,3,49,9,3,6,0.115412824883038,0.667470284664186,1.01545231637866,3.33440736192767,7,0.0132319742235371
10,1,79,4,10,4,0.1,1.63109701065348,0.376298845416016,2.95864290768536,14,0.0450851527805013
7,1,193,3,4,7,0.1,2.09544140412028,0.820557083993141,4.82008415494969,13,0.0640760137010569
13,5,191,10,5,8,0.1,0.939982328141696,0.554521260045132,3.34104177090828,13,0.0572394354496421
6,3,59,2,6,5,0.1,2.60234430626987,0.373150107320935,4.43847174946977,19,0.0922638675507377
3,1,24,4,10,5,0.116548283340221,1.25696810685743,0.355490580174579,4.19074890690889,8,0.0306535725773979
4,4,42,1,8,5,0.483593827170925,5.0913622060715,0.53252478269199,7.63448056768675,21,0.0735339213278513
11,1,164,3,10,10,0.1,1.91872706239382,0.339816096226911,3.97651513451524,16,0.0562060178921992
14,3,165,9,6,4,0.1,1.01035276786476,0.435670224327859,3.00826452759678,12,0.0461358556454929
14,3,66,10,7,6,0.1,0.824882420377411,0.491526772113661,1.38614418259347,11,0.0440763891925871
11,4,151,10,6,10,0.1,0.791831398877067,0.402404638063719,2.91707489245574,10,0.0408968810985418
8,1,122,3,1,8,0.104303070346508,1.87264345289908,2.86257468232034,3.89504285529034,14,0.0549473260399684
15,1,146,9,8,5,0.1,0.887792073204572,0.254992967111667,2.98741215814185,11,0.05009201268692
4,1,108,3,6,2,0.118028735238224,1.86376654600164,0.523388466004133,4.37147350216886,16,0.0655708038847362
12,5,82,6,8,1,0.1,0.79031826840962,0.325434183798514,2.4132224746952,13,0.057021428235477
15,2,66,1,1,4,0.1689513270833,5.13474114365605,2.96887247402274,6.05699381205097,55,0.226571695407162
7,5,126,3,5,5,0.1,1.96280391390531,0.667051997866871,3.96787730735111,14,0.0742555550483987
6,4,174,8,3,5,0.1,1.02303907092095,1.11134376146321,3.61442914657725,10,0.0374123127356427
10,3,192,8,5,5,0.1,0.916918547214749,0.561775226103662,3.07806566575317,10,0.0242612305520562
8,2,97,8,2,10,0.1,0.680039394290874,1.55762990982587,2.367219027786,8,0.0344548524481406
14,5,106,9,9,2,0.1,0.83250794805582,0.360826169704689,2.12327475629976,12,0.0448202200778149
3,2,172,5,2,10,0.1,1.38783900539786,1.38610559622408,5.21490490912008,6,0.01767087099512
10,1,92,4,3,8,0.1,1.38762168234397,0.935325510588383,3.16435252495901,15,0.0800547074953155
15,3,73,7,8,9,0.1,0.834693542590986,0.489907992592812,1.86367874011544,12,0.0517133667986671
10,1,109,10,2,3,0.1,0.778145531754582,1.61495035018527,2.66407692918745,11,0.0330900974924372
10,3,78,3,7,4,0.1,1.78052870831369,0.463271692405547,3.01799501607493,18,0.0863603473478588
4,5,55,5,5,3,0.100217073210365,1.17817308833926,0.556055603970162,3.55304006940854,11,0.04842379856845
9,1,74,8,6,8,0.10954218192645,0.667408797972328,0.485431321979852,2.26832836401952,10,0.0334921855348101
14,5,54,6,10,1,0.1,0.922431097168226,0.354727658514418,1.91131606689746,14,0.0609983874764427
6,1,39,9,1,6,0.1,0.530567118482766,2.93514202123792,2.49644877715946,5,0.0374074571588636
5,5,105,6,1,1,0.1,0.928311489960287,2.97921182323584,3.55581367165362,14,0.0536854326799314
7,1,117,5,5,1,0.1,1.27490790288477,0.792956709230148,3.41609948587948,14,0.0493042332361536
4,3,136,10,8,2,0.1,0.856793701042132,0.469848360224745,3.64363942280852,12,0.0494355540241512
3,4,32,3,1,9,0.203776184052511,1.6449828751127,3.11312129948035,4.66081133965741,8,0.0291341928257333
5,1,65,6,9,2,0.1,0.984528806001011,0.279534712213653,3.09317650308783,11,0.0141466451814957
12,1,81,6,9,3,0.1,0.964391177136265,0.402172061711092,2.46345750787609,14,0.047062012202541
8,1,139,7,5,5,0.1,0.94075621296134,0.543624524124424,3.11911150192282,11,0.0558883761170543
12,3,128,4,3,8,0.1,1.4040938529351,1.04428976763379,3.26135550980493,16,0.0554796846559309
4,4,100,7,1,7,0.1,0.986348709420073,2.98559169785962,4.04065792269325,6,0.021277384445566
6,1,148,6,10,3,0.1,1.12626731825472,0.419671465046087,3.30298205344746,9,0.0212826284852054
10,3,103,8,1,7,0.1,0.774543404279117,3.15226365304437,2.55257668794914,11,0.0299646812307802
4,3,160,1,5,3,0.448602925229222,5.37486103436128,0.672962801090344,8.72343041391459,21,0.0948574651708378
9,1,136,10,4,9,0.1,0.778173456464824,0.717029458809699,2.85784835843618,8,0.0454730220008099
10,2,51,8,2,3,0.1,0.868932622039762,1.38120181000719,1.42370705602111,10,0.0296833235495878
6,3,121,10,5,7,0.159319341083172,0.527319212827469,0.518368952531685,2.88519377439192,5,0.01
7,2,157,10,6,10,0.119824500471006,0.76196359116031,0.481580121188416,3.39438502225216,8,0.0207450985728404
3,3,46,8,7,3,0.1,0.631443243765827,0.457402616268733,3.59452634279437,9,0.0566038971383079
13,2,69,7,10,4,0.1,0.963876094900493,0.29376889430709,2.08180537207562,14,0.0609861821320553
12,2,176,1,7,4,0.137832577150815,5.28095825856311,0.371502567082864,7.48032582765911,43,0.171740016309539
12,5,54,6,8,6,0.1,0.997947610136381,0.435863910059363,2.2362744907812,14,0.0545986314537926
8,1,62,3,8,2,0.1,1.81295826483409,0.461339577574406,3.43306173673135,18,0.0576824370918447
9,4,72,5,4,5,0.1,1.17049454717851,0.911116025943701,2.33506115677569,12,0.050353332925868
4,5,91,4,6,3,0.156647139409879,1.5198682593325,0.583780922510388,4.03360981756816,9,0.0382183458143738
15,5,154,4,5,3,0.1,1.60314511384998,0.551525673499044,3.42798680005399,19,0.0695263685248506
12,1,65,2,7,2,0.1,2.74644990988251,0.571496970519525,3.97186443754852,28,0.102514901356482
13,1,178,3,2,2,0.1,2.13248201402937,1.36815198876402,4.05768612868199,24,0.107453266964567
15,2,125,4,2,8,0.1,1.56312390820792,1.61474885314389,2.94060493378786,17,0.067320035640303
3,4,166,6,8,1,0.1,1.23298811733932,0.507659830396304,5.22824511082101,11,0.0475640808885817
5,1,62,9,7,7,0.1,0.669183016232831,0.334344471645795,3.00795028411729,9,0.0253030067499723
5,3,68,3,10,4,0.129332829750683,1.78906796238067,0.339903703607359,3.8034635287697,16,0.064723886095954
12,3,191,10,4,8,0.1,0.944230086681686,0.740570173382765,2.8410695539118,7,0.0159054455937596
15,3,42,7,1,8,0.1,0.998404693394802,2.95645924478833,1.41144358007738,14,0.069315872936755
11,4,134,9,10,2,0.1,0.670304264255552,0.350493791115627,2.38353641396348,10,0.0642809670980593
8,5,24,1,9,10,0.116144234053945,5.08544210842693,0.340379811100501,6.17137506996756,29,0.115043014609182
3,3,161,10,1,8,0.1,0.904520447321375,3.04391167502463,4.86445359022144,9,0.0299777267845381
15,5,29,10,1,5,0.1,0.594054590907576,3.07109151465016,1.34257525964433,11,0.0512788881710235
13,5,92,3,8,7,0.1,1.85655452103611,0.554256245697319,3.50990858075166,22,0.0755696501812101
5,4,122,3,5,7,0.128410738498082,2.03569538012096,0.569730757237478,4.57885259758778,12,0.0446465942898242
8,4,31,8,3,2,0.1,0.675450100113422,0.942871183296067,1.82859012434955,13,0.0360647726084362
11,3,106,8,7,1,0.1,0.657728393930365,0.316656102627357,2.42014070302744,15,0.0601636730930774
6,1,139,10,2,3,0.128801709703947,0.919773909805198,1.66132956250911,2.88518958714352,8,0.031739276530143
3,1,121,5,8,3,0.1,1.22280139612147,0.418161758571811,5.30718628905584,10,0.0485432154353756
14,4,161,9,6,5,0.1,1.0083641516996,0.471634094562898,2.47780579926128,12,0.044306301010302
3,4,77,9,8,1,0.101186433607257,0.638681901783992,0.443525253385281,3.64788752358644,9,0.0429758818825006
11,1,44,1,10,1,0.107735945616517,5.07996046669144,0.118633487397277,6.04963247574195,43,0.156498469433277
8,3,56,2,2,1,0.1,2.49956917346903,1.52113188296506,4.32551519349386,24,0.100429333149622
10,3,193,3,4,6,0.1,2.12261390994583,0.869632035351317,4.13696023597617,18,0.0817460310437019
6,5,82,7,10,10,0.1,0.966964076062832,0.400229534224964,2.65707586749006,4,0.01
15,5,66,3,3,1,0.1,1.83027503099418,0.998761708774239,2.81537658161603,25,0.102906170020337
15,2,62,1,3,2,0.1,5.07756547940776,1.08346983573141,6.30630748205107,55,0.212294906747813
11,4,100,7,6,10,0.1,0.840510071039548,0.44569681474556,2.53696500967338,8,0.0375101795615276
6,5,74,9,3,6,0.1,0.690045791215037,0.950089121145157,2.47318573012221,8,0.0437282603955743
8,5,141,4,5,10,0.1,1.52832068993663,0.660379872920723,3.87762412023677,11,0.0415368152575741
12,3,110,1,10,5,0.143444248711968,4.92374552647361,0.302208737955766,6.6782257064395,43,0.174253731347232
13,2,151,5,4,3,0.1,1.1366834942051,0.780871175778383,3.19975400483529,15,0.0611349562428611
14,5,93,5,8,6,0.1,1.40592266923431,0.286656301105787,2.95391655651909,14,0.0591587541209622
5,4,197,9,7,5,0.1,1.0347395234752,0.3843823417106,4.21284318273076,10,0.0698123439479934
6,4,83,4,1,4,0.1,1.28669643808048,3.01569402129106,3.63500542002992,12,0.0488871878383334
4,4,105,3,9,6,0.167637924004361,1.87957833800339,0.292444568963503,4.91255005813953,9,0.0408220304793901
15,4,54,4,8,4,0.1,1.29748532766777,0.303052710815848,2.41340267147588,18,0.0827158772886501
13,3,175,10,10,10,0.126420330443973,1.18902254150909,0.34794604457145,2.58807158942373,11,0.0654830287650478
6,4,43,10,5,4,0.1,0.702730660091037,0.610958141465619,2.30595729485595,9,0.025779179778666
3,4,152,5,1,1,0.105112177475015,1.23692688534782,3.05021804624681,5.68280915045625,8,0.0192658053399358
10,2,150,5,10,4,0.1,1.31641073852659,0.351642059933091,3.16862776451319,14,0.0329570265155926
15,3,84,2,3,3,0.1,2.63189867235461,0.852676146955399,3.93212666388314,29,0.109625005420223
15,4,143,4,6,9,0.1,1.63765656449196,0.518788606103789,3.38608853528624,15,0.0603926755260943
13,2,111,7,1,2,0.1,0.915556242717034,2.90809706968022,2.5486819140896,16,0.0828443917400099
3,5,108,2,2,2,0.181964033654198,2.5672517332714,1.57580020412539,5.99908160127678,13,0.0629803726662558
9,4,47,5,9,2,0.1,1.22394185094548,0.104452694244712,2.27391781289326,15,0.0633999561454106
8,3,35,7,3,10,0.1,0.888233506036386,1.05638794296528,1.77208787870642,6,0.0169205801042789
13,3,111,8,9,1,0.1,0.83407648336254,0.432568604396087,2.61135061442363,15,0.0417476617155663
15,3,24,7,3,5,0.1,0.656686283351028,0.843468361735885,1.59684912784714,14,0.07061501833264
7,5,126,1,10,6,0.210536064606904,5.27279697662852,0.309389062582008,7.50158949619773,29,0.102500198898086
9,1,104,1,10,9,0.109974573561583,5.09790638647943,0.315788925948096,6.59160742389972,36,0.139473709300475
6,5,64,5,2,1,0.1,1.0991975141774,1.58965329268431,2.80871915345888,15,0.0495109092315537
12,1,139,1,7,4,0.170666244401236,5.24729658506033,0.449127440305336,6.87609970876358,43,0.17157102056627
3,5,99,2,2,2,0.24834968257513,2.90906636681584,1.60812666739006,6.42549688322192,14,0.0358081740494434
13,5,31,2,6,5,0.173791470337797,2.68934448776185,0.385255819245511,3.36010800801545,28,0.10955885457471
9,5,30,10,4,8,0.1,0.611072605501947,0.838476210259837,1.75455471069177,6,0.012931013758767
14,5,137,2,8,3,0.1,2.78653037060359,0.402250182464521,4.31678050589872,34,0.159235638936854
3,3,88,6,2,8,0.1,0.89680836907118,1.44276880973995,4.08058555430088,4,0.0156351156292254
14,1,200,10,2,6,0.1,0.976994903707853,1.45315784839334,2.85545706006076,14,0.0524733572014339
13,4,171,2,1,5,0.115061675217412,2.75090150118858,2.89947913193504,4.68275479698099,26,0.0976512187475016
3,2,70,2,4,5,0.273831983522226,2.58103855763996,0.745340769734429,6.09444426973244,15,0.0432433361396969
7,5,158,9,1,9,0.1,0.848501035004869,2.93384904508687,3.48196757788676,8,0.0231813204271033
8,1,161,9,1,4,0.129103375906177,0.905114844774501,2.94911622575186,3.10876240240069,12,0.0554894966062007
15,5,100,10,8,2,0.1,0.705977722767836,0.518431662411075,2.20937561837798,14,0.0622729532811848
4,2,86,1,6,4,0.369312898180035,4.90107766228654,0.703146103306422,8.00942179039399,19,0.0627579657859947
4,1,76,8,9,5,0.104376931494517,0.672394571444516,0.230419233302898,3.27659264165157,8,0.0254300502430584
10,1,85,7,3,2,0.1,0.71521473250274,0.962618949584576,2.48955264883456,11,0.0275935940413091
7,1,174,4,8,4,0.1,1.49033248172804,0.264109420618464,4.20024042690383,12,0.062381757970478
6,5,46,5,3,2,0.1,1.056820133475,0.976537534476103,2.79021233608454,12,0.054688462715877
3,2,172,6,1,6,0.1,1.1007628951952,3.03983460039605,5.05902572122306,8,0.0377062413271065
13,4,43,1,3,5,0.1,5.04356414277941,1.13051350027376,6.14654536764097,48,0.20255574816143
9,4,71,10,7,5,0.1,0.567993045009833,0.417143275667856,1.97569663538529,9,0.023321724384004
5,1,171,5,6,6,0.1,1.24772919961165,0.64292537360011,4.20709289859512,8,0.0193546240704444
14,1,51,4,2,5,0.1,1.3712400642119,1.52114056140283,2.42765641276412,18,0.0757745218024235
8,5,148,7,9,10,0.1,0.990651479807249,0.303561415783408,3.38583853724702,8,0.0411163466891242
9,1,126,10,2,7,0.1,0.578720207705177,1.39974600508584,2.57105966401765,11,0.045055782596485
4,1,192,9,5,7,0.1,0.952945809971235,0.665412368173559,4.58041500370801,5,0.0181518692659094
10,3,188,3,7,8,0.1,2.04927800552041,0.397952206235313,4.34876175932386,13,0.0493849804939399
6,4,29,10,4,9,0.1,0.5,0.576366904149515,1.63277907914199,8,0.0341643484352798
7,1,159,2,6,6,0.109632303326899,2.76781062475849,0.400578647654624,5.10427017284425,20,0.0937061390399411
8,4,120,10,8,4,0.1,0.841359412961394,0.318877347373121,2.69682984585695,11,0.0444097811470507
4,2,85,3,1,10,0.1,1.69357233877238,3.07536992359224,4.51587304762021,12,0.0551672968468851
4,3,80,7,8,3,0.1,0.992733157439745,0.448626000053838,3.40298669946965,11,0.0287015037485219
10,1,42,9,7,5,0.1,0.684734045770253,0.378306892852882,1.6955624017126,9,0.0435099399918397
5,5,194,1,1,3,0.276226750642082,5.54108236875042,3.09256287191229,8.3357860952699,25,0.0990759380590699
7,2,120,6,10,2,0.1,1.04910688000406,0.145436470460628,3.19708014105106,13,0.0391457470862331
15,3,166,1,2,10,0.1,5.34329966338053,1.57828900779719,6.92497304341418,51,0.190943103274736
7,3,155,10,10,4,0.1,0.746753109432719,0.359172343977458,3.45939807974866,8,0.0189537555787507
14,1,191,10,6,5,0.1,0.938633350194789,0.482411762293772,2.96104795127055,12,0.040922043949566
5,1,158,4,5,6,0.1,1.63950006344129,0.585107490833368,4.46815852139035,14,0.0672925859572531
5,3,105,3,3,9,0.144065400863191,1.85303641180682,1.15307151651574,4.19161308491529,12,0.0385378216405849
15,4,54,7,10,3,0.1,0.721784669430189,0.343177224935555,2.03421402590106,13,0.0353852302387984
7,4,153,7,1,10,0.1,1.04233523887501,3.1869585274815,3.60440584790261,12,0.0290894214172454
14,2,125,2,6,5,0.1,2.71451906631335,0.444056442265134,4.30826019615028,31,0.104306712593691
5,5,30,6,10,7,0.1,0.830687266637104,0.487002023579121,2.8687484815152,9,0.0290294577188987
9,2,144,7,8,5,0.1,1.09292061096933,0.199006977635323,2.9077077174831,12,0.0583474529603639
15,2,182,10,8,4,0.1,0.717189726927789,0.40231976296529,2.90268189952551,13,0.0635508207526535
9,2,118,2,1,9,0.116841528244712,2.59610439718417,3.01887089498451,4.58650269241942,19,0.0573136539596193
15,5,194,6,2,8,0.1,1.10127531660141,1.43593521798321,3.28176229455479,11,0.0466798448202278
8,5,58,2,5,6,0.1,2.57911665875805,0.611067664933417,4.17417012905837,17,0.0609553138216713
3,5,69,1,8,10,0.491437514163853,5.11815520293508,0.458526721678476,8.11137235770105,15,0.0599076979674739
10,5,143,9,3,3,0.1,0.755687686393292,1.05453626849884,2.71028762242384,9,0.0335463994814829
5,1,61,1,6,9,0.253565116752367,5.23208975807319,0.536305332245316,7.39795391567889,23,0.0987528419578611
13,1,54,4,4,5,0.1,1.33466351308096,0.70476245001084,2.26859897491829,18,0.0555698116614939
6,1,148,9,10,7,0.1,0.776513168503337,0.297923663746399,3.54747333149651,9,0.023550581500795
9,3,177,2,3,8,0.186922316777231,2.91237266143058,1.02703994390084,5.3340591811655,18,0.0579187542654025
8,2,136,10,7,8,0.1,0.799123707045479,0.415926536692441,3.07205705606906,9,0.0324448959928482
13,5,35,10,8,3,0.1,0.608522290498767,0.325480208476116,1.75134784625445,13,0.0327907019368271
5,4,115,3,4,3,0.135373894288098,1.83281872734255,0.557761167831631,4.1462454161363,16,0.0573895880729263
3,4,156,10,5,8,0.1,0.760374087688633,0.53628488774767,4.67536816866437,5,0.0199417931379359
6,1,128,5,4,5,0.148856087450044,1.28104523845989,0.645392194384029,3.55725912431353,10,0.045670662806852
9,2,125,9,2,10,0.1,0.753182879338689,1.69516805938171,2.74202096603716,5,0.01
13,1,184,3,4,5,0.1,1.97297996835514,0.777537059328434,4.32551744183487,23,0.105824438358094
14,3,119,6,5,10,0.1,0.942572497233278,0.694461713709815,2.2373506296178,10,0.0303654754390891
6,2,196,2,7,5,0.137251494951859,2.74759157641896,0.356637736363297,5.36609575121486,16,0.0802559153903101
13,5,92,6,3,7,0.1,1.01671250815421,1.00745517963177,2.43674670159588,13,0.0582717866005899
8,1,170,5,5,2,0.1,1.19752193845946,0.478828885247255,4.04201010647432,12,0.0411846440929714
11,2,132,8,7,3,0.1,0.708509235499557,0.525449660773677,2.46399006847634,12,0.0354259677482368
5,4,155,10,5,7,0.1,0.708100072020853,0.582609128585477,3.80141834661348,9,0.0271818068926372
14,4,174,10,3,8,0.1,0.757239682222228,0.990912238828197,2.70823443049124,8,0.0352763531144947
15,1,61,3,7,4,0.112444326451038,1.66832208160209,0.425087070795664,2.68878123945479,23,0.0890248478531761
8,3,82,6,8,7,0.1,0.962749219048407,0.491061424502705,3.153636500775,9,0.0158971129868844
10,4,129,7,8,9,0.1,0.793907271205366,0.507262848018055,2.77106933562885,10,0.0444531642244056
6,5,139,2,4,3,0.112902903889217,2.63813761932399,0.601545527717752,5.11887099244265,16,0.0546702147131415
9,4,55,4,5,3,0.1,1.30686306320444,0.610919272657413,2.64276819891669,15,0.0547884965956448
10,3,102,3,6,5,0.1,1.8715554099092,0.570779007047882,3.40626832689701,15,0.0699719708820111
8,5,179,7,8,9,0.1,1.05671315667842,0.463126458992797,3.54380622574198,6,0.0369178679403537
5,2,178,9,8,10,0.124116640027621,0.858680270796688,0.362426287396811,3.80774545369676,10,0.0205562421126145
3,5,122,3,4,2,0.284361513474002,2.00607360500014,0.684920086174331,5.38247454466284,10,0.0401381304310735
15,3,140,7,2,3,0.1,0.980642564071151,1.46331154692866,2.82590915052917,14,0.0695281313625549
4,5,38,2,5,9,0.149215771560409,2.63338038817773,0.565173747778341,4.56825543083492,12,0.0441371116961215
5,5,131,8,3,1,0.1,0.911510441256927,0.822448573299883,3.59756185972732,10,0.0356338090237115
13,5,64,5,5,6,0.1,1.16095948208032,0.598782010943044,2.2931601944532,13,0.0418087597818397
14,3,25,2,7,9,0.1,2.52807391658963,0.440620774550175,3.5524931718889,33,0.138184672201595
8,5,44,10,6,8,0.1,0.5326528234103,0.556581542687551,1.87096419524603,8,0.041494473565298
14,5,87,4,3,5,0.1,1.42348749048063,0.920936954216337,2.4775883367886,20,0.085694560110255
12,3,131,1,4,1,0.107520391415925,5.32466989256135,0.712590221724431,7.20348601333626,45,0.173854352223629
4,1,147,10,8,4,0.1,0.718631626789211,0.396200291669096,3.76023910925301,12,0.0414367222522122
13,2,180,3,6,1,0.1,1.88280589737163,0.524874113957076,4.12825203794059,26,0.110825740296055
6,2,138,3,2,2,0.1,1.93024960590258,1.49818521499337,4.35250659173264,18,0.0808519142027046
10,1,101,1,5,1,0.1,5.24667414008867,0.661271020419019,6.85228929867943,38,0.147402352478452
11,4,41,8,8,2,0.1,0.547086527230026,0.395506205227589,2.1178324603284,15,0.0758029834862405
13,3,160,10,4,1,0.1,0.750616671307113,0.70073075028323,2.98092867455447,10,0.0480552192821491
5,4,66,7,7,8,0.1,0.848020873551819,0.413181275836418,2.79254946636123,8,0.0585784458572931
10,4,119,1,9,2,0.190423125925734,5.22272548803499,0.425864464388078,7.32974491330779,40,0.169204047584838
9,1,88,2,8,7,0.103764837295179,2.8130671297045,0.333097642493524,4.1778802567295,21,0.0832745551328718
13,1,126,4,3,3,0.1,1.42507889818286,0.947647505388459,3.32960602255784,17,0.0684135164172131
7,2,38,1,9,2,0.220187078808601,5.24464842933792,0.266047956370904,6.57004905963625,31,0.107941900359421
8,4,150,7,8,6,0.1,0.986658869078791,0.319388216162495,3.08921915490757,14,0.0573654310540847
3,4,152,4,4,2,0.138682808812023,1.48309179931981,0.860972440045948,5.72749612913691,12,0.0615248016818543
15,3,197,6,3,5,0.1,1.25716297390062,0.98955373664165,3.2476923528146,16,0.070919826368611
4,3,136,1,9,7,0.410161905739924,5.28241449352441,0.456989237623474,8.09008475048989,21,0.0976224510706474
4,2,199,5,9,3,0.1,1.38457620857979,0.261304440343982,4.99551843751595,9,0.024437795379132
7,5,99,10,6,1,0.1,0.563328012391877,0.577439228512544,2.60052785103401,12,0.0549963881137097
14,5,165,1,7,3,0.14063181430193,5.25121747042471,0.431768986922701,7.68814783885759,48,0.189393611764105
9,5,52,3,1,1,0.1,1.88366980753418,2.98217252082898,2.86986893295526,21,0.0909000984051085
14,1,99,9,9,9,0.1,0.813895899470793,0.368263019947149,2.2137212793786,11,0.0254756998678953
11,3,30,6,5,9,0.1,0.788611021736556,0.448157127701506,1.45896280293625,11,0.039570041613563
10,1,65,6,4,7,0.1,0.958830158425201,0.641318180390269,2.03098488861145,9,0.0440718015404879
13,1,49,9,10,4,0.1,0.560038956721921,0.418562232929127,1.9895527360071,11,0.0498455960212753
12,5,104,2,2,6,0.1,2.75282852017096,1.23951115882704,3.89949946870949,24,0.0934830343397455
7,4,173,8,9,6,0.111224032055252,1.14727770963745,0.320771317515267,3.48665755756852,15,0.0579945555452037
15,2,66,2,3,6,0.109496507936995,2.50203071809921,1.01766240429257,4.16004416768576,30,0.127547874695149
6,1,192,2,9,7,0.21604424214807,2.94616932587267,0.266624229471529,6.013655291105,17,0.0842392051182188
13,1,146,7,8,8,0.108018694349291,0.880943739380638,0.378396549151761,2.78945873882223,15,0.0830386978317591
14,2,80,9,4,4,0.1,0.670476305674618,0.790553327653718,1.91280473451429,11,0.0536816046728429
7,2,60,5,7,7,0.1,1.03599404530351,0.453589545728991,3.00054875331293,10,0.0324565158235708
7,4,146,3,4,7,0.103217837480679,1.68863627350682,0.758933433717067,4.66625139141094,14,0.0431977301090191
12,5,183,9,1,6,0.1,1.10041574807052,3.00799516298028,3.53806293786075,11,0.0538528264221537
8,3,167,5,6,9,0.1,1.38256509985236,0.613490341524031,3.93774696557269,11,0.0484056208404967
13,1,88,6,9,2,0.1,1.08048342718189,0.368507655761605,2.22827592803343,17,0.0769988772027207
11,2,167,5,6,1,0.1,1.29047835556868,0.526503917810056,3.74426731234405,16,0.0829364725744289
7,2,172,9,3,8,0.1,1.15398199606952,0.876504215605515,3.66015817561826,10,0.0471461894222669
8,2,71,4,9,6,0.1,1.35597523349936,0.450058059467133,3.09547350479213,16,0.0516639307949696
14,1,178,3,9,4,0.1,2.04477802854305,0.349499347577214,4.43547992997212,25,0.0823761578268372
7,2,101,2,6,9,0.1,2.64885468371749,0.422976448097697,4.87001743648707,11,0.0582660637802321
10,4,21,8,4,7,0.1,0.672232970328582,0.81815223143147,1.50214712535997,10,0.0373275247053615
10,1,85,6,1,5,0.1,0.991624159751129,2.95601201915341,2.24807186857831,8,0.0389153961843677
9,1,31,8,6,6,0.1,0.727076320617575,0.569815226991426,1.9293120609453,11,0.0569786778389298
15,5,52,7,3,1,0.1,0.927267884091932,1.11869378098625,1.68351381001275,18,0.0798643832556828
6,1,132,10,4,5,0.1,0.839053538465974,0.633179596650642,3.31826921915079,12,0.0466203905305954
12,1,139,3,5,9,0.1,1.89228703888965,0.509214786255701,3.70176118282645,18,0.0674120934499631
3,5,180,9,5,8,0.1,0.823399907543162,0.546485325694691,5.07632297172396,3,0.01
11,4,177,8,2,3,0.1,1.02289959152876,1.4607070102886,2.93298840098815,10,0.0556703689355945
13,2,155,9,7,10,0.1,0.747721730812699,0.647356792383678,3.06686442120684,12,0.0537433477373494
15,5,23,2,9,2,0.1,2.67901857981791,0.384112854314747,3.40032321168387,32,0.109686513436317
6,4,178,5,6,7,0.1,1.36452285249528,0.467947457219028,3.95339134080489,11,0.0555437229730736
5,4,96,6,6,1,0.107451338625763,0.877722682125164,0.364852276502662,3.37468184585409,14,0.0645103856183778
12,5,28,9,9,1,0.1,0.618765232011985,0.421778050749708,1.52700608164863,16,0.0622092937959298
4,4,144,8,9,7,0.1,0.900143194121747,0.326646092278913,4.12426139577513,7,0.0425344827247995
12,3,104,5,1,3,0.1,1.1766376495254,3.17456244800677,2.97334634147922,16,0.0586177864810803
13,5,109,3,6,2,0.1,1.89217406772848,0.588239429971852,3.1375888274646,21,0.0674340668374509
14,5,177,3,4,7,0.103732597285025,2.15037948061263,0.696216222133488,4.00860320677051,23,0.0937798181807503
8,4,44,10,1,8,0.1,0.546632562094927,2.9478463738217,1.79545358926185,6,0.0333202925023411
7,2,138,10,5,5,0.1,0.693717647558328,0.546115763857438,3.08695284947495,10,0.0509449694897629
11,1,30,5,1,2,0.1,1.13870409793433,2.9668460367985,1.8933480799946,13,0.0388654853369838
4,3,33,6,7,7,0.1,1.06144459505542,0.305679491347827,2.907231464627,9,0.0401377008594241
6,5,192,5,6,4,0.1,1.33500209375587,0.521895080913067,4.28753326119537,14,0.0368959410168869
8,3,196,3,9,9,0.1,2.09389751153942,0.322852387516106,4.8447732693334,16,0.0511631786464408
3,4,25,10,9,6,0.1,0.596847271628847,0.337239210373461,3.49902933711913,6,0.0287171153748898
5,1,33,1,10,8,0.212630543501566,5.00881388865892,0.33014945844068,7.2182095138631,22,0.0913129038567362
5,5,139,1,10,2,0.330077266953304,5.13279080481187,0.206811054546891,7.78764206046799,25,0.103516239825737
10,4,183,3,10,3,0.1,2.04503877621294,0.393638804679538,4.03770741356321,21,0.10458226033013
11,4,123,10,7,5,0.1,0.626862951077454,0.634519708630093,2.16059467184138,12,0.0449755989208475
6,5,77,7,8,10,0.1,0.940073014346632,0.418550872348702,2.81847218831242,5,0.0176012862050941
4,3,60,7,5,10,0.1,0.838834607300119,0.737986769081804,3.61935616095125,9,0.0235776817955923
7,3,132,10,9,1,0.1,0.75748897033189,0.252911555243502,2.68655365873394,13,0.0601414825165557
4,1,70,3,5,5,0.141191829033785,1.87644457546566,0.494318459044868,4.3733885949913,12,0.0462311723588595
14,4,114,8,5,7,0.1,1.06122151843762,0.648323287836834,2.22267537055908,13,0.0531631334110065
4,5,110,5,6,7,0.1,1.19114407369902,0.442899875938643,4.19577240737514,11,0.045644045059662
9,2,39,4,7,1,0.1,1.18122159058966,0.290149987852105,2.53192110389388,17,0.0524252535030091
7,1,185,4,8,6,0.1,1.5177913023875,0.525162735511745,4.0347681807454,14,0.0623446481644026
8,1,75,6,5,7,0.1,1.08892804987086,0.837293551446072,2.52364423668914,13,0.0545152132826981
10,2,148,4,10,10,0.1,1.53970617668722,0.221696496454577,3.7714334904241,10,0.0284675068870569
3,5,57,6,3,4,0.1,0.910926170847939,1.10752635914491,3.98645359089111,8,0.0249502595043676
7,1,151,4,4,3,0.1,1.56484851569017,0.723028157320487,3.58833985467107,12,0.0541990976288063
11,4,50,8,2,9,0.1,0.665534799254735,1.49192903928092,2.06228612754502,9,0.0554682389912801
15,3,154,9,7,2,0.1,1.01837953334381,0.504349346799498,2.4115757481541,15,0.0514779379062041
9,2,193,1,8,6,0.126893199323004,5.58285758148441,0.234502680288593,8.0458306532042,32,0.124595726524894
14,2,186,4,3,7,0.1,1.66810407751183,0.861925795216144,3.51538313329941,15,0.0518708546040466
14,5,145,4,1,2,0.1,1.65758670549492,2.83705950266028,3.08237106158365,19,0.0844710114978383
5,1,168,10,5,7,0.1,0.82764692442197,0.587023853717917,3.64658962311515,11,0.0567816563456638
9,3,113,8,6,5,0.1,0.824312005889524,0.64181864158673,2.8318948221825,12,0.0318661034785394
9,3,26,8,7,7,0.1,0.70019902306014,0.553213265990048,1.61314201827807,11,0.0413766414940363
12,3,190,5,9,1,0.121950485755938,1.25720208479376,0.411136883865319,3.80242076231632,21,0.0812539517037589
8,3,131,1,4,3,0.129605944211225,5.2662433215999,0.707353890466471,7.33986102976483,31,0.122128710543064
3,1,102,1,5,3,0.448500348531985,5.16928745561549,0.548297532082931,8.72475450856133,16,0.0581889114967596
13,2,65,9,8,7,0.1,0.718117053861617,0.378887531934901,2.03401069651346,10,0.0317188481997155
10,5,132,9,9,8,0.1,0.693160352912956,0.214471291894181,2.95313635934394,9,0.0467813790528823
12,5,63,6,6,8,0.1,0.903778060542584,0.638001641879814,1.97980453630742,10,0.0408546718278513
13,3,161,1,4,5,0.1,5.3270132955824,0.711896261022701,7.35156362386703,47,0.18701917417167
10,4,165,6,6,5,0.1,1.22618943748237,0.676543734782747,3.42657564743819,12,0.0528551986626763
5,1,144,1,8,7,0.268307740099968,5.18526578308163,0.322381641358089,8.1484896532825,24,0.0866028141835073
3,2,122,7,2,9,0.1,1.11275244446876,1.70081733363136,4.95244904295373,2,0.0175745150050071
10,3,75,6,4,7,0.1,1.04537203897248,0.661847622126836,2.20220181563138,10,0.0477447010241776
11,3,187,9,8,3,0.1,0.928650919237555,0.526111839011873,2.79060314961382,13,0.0603481979354848
11,5,102,2,10,2,0.1,2.69151377522314,0.145408600300463,4.4013536175828,24,0.11412237234498
3,2,142,9,1,7,0.11885699964133,0.930568786791412,2.93903772707227,4.61411910668219,7,0.0116524839345954
5,2,48,9,6,4,0.1,0.669605871139815,0.401269065816112,3.01166155899997,9,0.0288780058350681
11,4,113,3,9,9,0.1,1.84256156107914,0.219256036169455,3.28581951323277,18,0.0594722617942473
3,4,134,1,6,8,0.454586287246439,5.21552664663114,0.380026910062988,8.91189602684337,15,0.0663307937310273
12,2,185,9,10,6,0.1,0.806300040288166,0.1,3.370478432082,9,0.0406628196352368
4,5,91,1,6,1,0.389515069288158,5.35833851048155,0.4618390573485,7.74245302504913,25,0.106289451652636
10,3,40,8,8,5,0.1,0.807044201140659,0.286870913414665,2.038673759974,15,0.0595441571833202
8,2,112,1,5,8,0.190288328763665,5.28247292583297,0.604272310524131,7.0009479762868,29,0.105110844762695
6,5,74,4,2,4,0.1,1.37704535245553,1.47029064787738,2.99758903145323,13,0.0519977925406249
7,1,195,4,5,7,0.1,1.88579652884093,0.505278297960344,4.49794229425712,13,0.0728918145889945
7,4,95,7,7,8,0.1,0.980957125140028,0.303639305333806,2.91965164229394,9,0.0225094739450402
8,5,167,3,7,4,0.1,1.97316810134011,0.436027155952713,4.16093845195405,16,0.062797655282128
13,4,175,5,8,7,0.1,1.51832835171466,0.367413808682849,3.10564774583733,15,0.0626537464912247
8,2,94,2,5,4,0.139023694498631,2.68145054613012,0.695263384533572,4.58944583250194,21,0.0909626451058154
10,3,112,6,3,6,0.1,0.997296844986626,0.962256246459376,2.53977876869436,12,0.0472956673589182
5,2,33,6,6,8,0.1,0.952262752829121,0.237788052286641,2.76879665713995,12,0.0490190911390752
10,5,124,7,5,10,0.11332136023012,0.917469808447077,0.58199019762237,3.16012075711621,9,0.0409654670642876
12,1,109,7,8,6,0.1,1.13418317841102,0.379322900793278,2.68672492729999,14,0.0535126953199217
13,2,90,8,4,5,0.1,0.977851620314645,0.815999822579841,2.16641956848334,14,0.0428849560210218
9,2,57,3,2,6,0.1,1.76445188940983,1.61972378650688,3.13218120520705,17,0.0553639611975768
4,2,142,6,10,4,0.1,1.03515784803061,0.353038945345667,4.67579363884386,13,0.0485969223688629
6,5,148,2,9,4,0.182672556567771,2.89187480571122,0.566079953978432,5.18956718963383,16,0.0731662722411008
9,3,125,5,8,4,0.1,1.34340803616917,0.544376768048488,3.04445055837653,13,0.0735168084059597
14,5,119,4,3,3,0.1,1.6027031850318,0.840729696682464,2.98753032414045,20,0.0467852140916494
14,2,160,7,2,6,0.1,1.08829236131314,1.61822717815086,2.98582802353397,12,0.0423380562707464
3,2,83,1,2,4,0.482011833894464,5.10357071576671,1.5594995351469,8.62026505461355,17,0.0664533893271041
13,5,129,3,7,10,0.135009395056098,1.92576384997442,0.430770870969498,3.52183812569552,20,0.0921824679383651
15,1,178,5,2,3,0.1,1.40562968056391,1.40397456313189,3.48984500497647,17,0.0680979488295443
5,5,80,7,1,6,0.136914697318657,0.867203026861749,2.85017809137228,3.18119699186464,10,0.0459226887543171
7,4,21,9,1,5,0.1,0.5,2.91100687038479,1.60577091944035,9,0.0329516556070562
8,4,20,7,1,1,0.1,0.705496974432993,3.10107244404349,1.78623654947774,14,0.0535464489461537
6,5,120,7,6,7,0.1,0.934671290772995,0.693993025669977,3.01659100251786,7,0.0428716530322441
3,4,141,1,8,9,0.497098003445878,5.16123325526587,0.416084460688974,9.24608934400667,15,0.064665044386282
6,1,27,8,9,4,0.1,0.665100808077396,0.456506195767689,1.83405904594067,12,0.0513460328989922
8,3,67,2,2,4,0.1,2.52763981336217,1.41602220183932,4.1837413582489,22,0.076480099810275
15,5,91,10,2,3,0.1,0.627910884569853,1.49292632240753,1.82190563384024,13,0.0445397469208867
8,5,160,3,7,2,0.187055976894191,2.14725279658155,0.497784766166363,4.21954759775531,17,0.0673687060357081
3,2,187,1,9,4,0.4536539303151,5.40666641867714,0.371498436169939,9.34216702491716,21,0.0897765966354479
12,2,67,1,2,4,0.116528724881947,5.31362688546734,1.4637533032292,6.37188962153606,40,0.153125848083757
4,5,105,8,2,8,0.17635784941833,0.802684525233021,1.51156961867912,3.47243071762164,13,0.0360002435351676
3,2,24,2,5,10,0.286074285646204,2.54073287888469,0.54442202235475,5.27265402618031,9,0.0269553454393694
10,5,162,4,5,6,0.1,1.51556552181511,0.583165603320203,3.43015142834743,15,0.0560046697620399
8,1,112,4,4,3,0.121202103211665,1.31359469566799,0.910481456855312,3.63661235593528,15,0.0716003222853213
11,1,126,2,4,2,0.1,2.68061853444121,0.654430597878108,4.87533416550787,28,0.115700412639784
9,5,96,3,4,5,0.1,1.93796349209746,0.746588541032736,3.70598721723689,19,0.0680660375863763
12,3,130,3,9,6,0.1,1.92156644599393,0.35443067325608,3.66779042574777,23,0.100458379543597
3,3,144,10,2,9,0.1,0.945114508641886,1.64752437268065,4.57193389122633,6,0.0284951232787437
7,5,51,10,4,6,0.1,0.736879668823165,0.933717036884859,2.17114112857568,8,0.0265610857828731
4,3,192,6,9,2,0.1,1.2559214236117,0.265487744517287,4.67648821683864,11,0.0538641219017052
14,1,87,1,6,7,0.108251011883915,5.28750536307941,0.487031414949761,6.15990362518705,49,0.190609074140992
7,3,150,8,8,2,0.1,1.01731532142131,0.486021714924778,3.08898801857927,8,0.0467944330719716
7,2,109,1,1,9,0.268653380114673,5.43659157123664,2.84259716221201,7.15521501294916,28,0.106927998540198
9,3,74,8,6,1,0.1,0.77871425559565,0.545281563803438,2.01651388866691,14,0.0772375683576203
13,5,138,4,5,7,0.1,1.48197380258983,0.516344731331572,3.13371886719294,18,0.0895240354651526
10,3,69,1,3,3,0.239220468349446,5.00444853147204,0.899607741520824,6.59853707726591,36,0.163302927518172
3,1,193,7,6,7,0.114262900985729,1.1657578553718,0.532312371891549,5.41232081361152,6,0.0254538778538894
11,5,80,10,3,2,0.108506182945264,0.629792591911452,1.15144324062106,2.26419269518916,9,0.0447769135209798
12,2,102,10,2,8,0.1,0.730017114008014,1.60214854685862,2.43861373449612,8,0.0305191000075584
10,2,44,8,6,2,0.1,0.793511992271276,0.355402064967985,1.88809668574761,13,0.0705644578621091
10,2,187,7,6,10,0.1,0.999871788870253,0.594312785396285,3.4650663108628,9,0.0409500681508642
8,1,21,9,6,10,0.136388725568122,0.764676518590767,0.489708726982335,1.78498084425554,8,0.0211481982557666
3,2,65,7,6,9,0.102761622345732,0.939793120249148,0.495556397730092,3.99678176470439,5,0.01
5,3,27,10,8,8,0.1,0.513537443536478,0.202539510636782,2.18011412689128,2,0.0131874140389824
9,1,196,3,8,5,0.1,2.20291338243805,0.395840164166015,4.75373406782235,17,0.0624411367351024
12,4,89,2,4,3,0.13271377980932,2.75143717521344,0.833999223410045,3.85357405816139,28,0.10177481547214
14,4,21,7,5,5,0.1,0.808953129152844,0.458812094790241,1.26569057612833,14,0.0397372903405216
5,3,28,3,3,4,0.1,1.61569379707458,1.07988868228503,3.89711437516949,11,0.05762322367846
15,3,175,10,4,2,0.1,0.874413968068646,0.739863315837547,2.83996538812962,13,0.0388168055938633
8,3,180,9,1,7,0.123910556168854,0.859198848362364,3.04726833005643,3.26493384718441,9,0.0279596692866999
15,4,172,8,10,9,0.1,1.03533342076018,0.348595687670687,2.86269225240066,9,0.0327412992913569
14,5,175,10,4,9,0.1,0.622406864629058,0.909029346028717,2.69641072026261,11,0.044629874811968
13,4,103,9,9,1,0.1,0.938482803315475,0.356130297462181,2.18586286276965,12,0.0552444074024789
12,3,121,10,3,3,0.1,0.88365302943448,0.992435343164429,2.6553972623236,16,0.0665254279397944
4,4,113,6,2,5,0.1,1.19403785265258,1.32896776429355,3.63195563427864,7,0.0409155828817944
7,1,112,6,1,4,0.1,1.00102544444537,2.89542405198662,3.01701778581674,7,0.021322802171881
13,5,200,5,10,10,0.1,1.26834922604028,0.340113882863235,3.69584045099987,11,0.0434590041997459
9,5,57,4,10,2,0.1,1.41759793996292,0.380493039069434,2.78366768627311,16,0.0637513023134416
11,3,82,9,1,10,0.1,0.634767665128768,3.10541116116666,1.84394299600012,9,0.0455290073920979
13,4,44,8,6,2,0.1,0.560612292881071,0.443430708070134,1.73776198847433,13,0.0413585394751773
10,5,153,2,7,1,0.1,2.92340767396031,0.207549760176376,4.58872197497164,24,0.0897847029719916
12,1,113,1,1,6,0.1,5.20114366885806,2.92265362456058,6.96047413707233,45,0.19667718166823
3,2,78,2,1,7,0.174927735899065,2.59880824866292,3.03405886288639,5.91631216415769,9,0.0469865671469562
4,4,23,10,5,1,0.150259360664086,0.589097066846621,0.762928715567121,2.60866090208247,10,0.0334677737711825
11,3,114,6,3,3,0.1,0.958975825638656,0.868473195496418,2.70969607330893,14,0.0673784779200576
11,2,161,10,1,3,0.1,0.619197326934951,3.13898647604847,2.90509823513925,11,0.0421543130442137
5,4,195,1,3,6,0.321312995863603,5.11154455356463,0.969141218085675,8.4862430186872,20,0.0796182232151463
13,1,148,10,4,2,0.1,0.612156695979681,0.846391461691083,2.88439970011562,14,0.0657370009200105
6,3,37,4,5,9,0.107044381063424,1.18420309914774,0.597843346856545,3.19133956710489,8,0.056698144250454
8,2,112,9,2,10,0.1,0.870729622033358,1.52899514509214,2.96351767592497,8,0.0377398111944762
9,4,128,10,6,9,0.171109000222049,0.904830077115823,0.458092887005061,2.44758397384785,8,0.0398131105352061
13,2,135,6,1,7,0.1,1.06436498408683,2.975827576361,2.75979921096081,14,0.0562640713763
13,5,190,9,7,4,0.1,0.855573534630265,0.420546202183896,3.1366611624068,14,0.0639124829039367
13,1,113,9,6,2,0.1,0.816099801986007,0.52339791428864,2.29361242773169,13,0.0739335785763413
3,5,137,1,7,3,0.444051696941822,5.2431146004926,0.678971205959763,9.08904950580524,17,0.0754465878112483
10,3,25,1,4,10,0.1,5.04147809067717,0.7625661968931,6.24508570677923,36,0.151863823621095
8,2,21,3,8,8,0.1,1.70190683069176,0.447480084896948,2.89937712776659,12,0.0578387142306101
4,5,182,4,5,9,0.102616329271223,1.67015164782205,0.57145561898309,4.65259507774765,10,0.044909754601201
14,1,88,3,7,2,0.1,1.73918649701782,0.427247540629794,3.22122446487737,16,0.0586972289050666
12,1,168,7,1,9,0.1,0.848147342583361,2.81623542048594,3.09894626609003,11,0.0460510380745764
15,1,152,4,1,2,0.1,1.73556339170954,3.00677183584236,3.16295994972103,18,0.0711021049274004
12,3,41,8,5,8,0.110547731914782,0.810489598193576,0.61494400650875,1.63003205277279,13,0.0457685269481637
13,4,137,2,3,8,0.1,2.80736327208687,1.12662212056253,4.6404125616259,28,0.12068687273723
6,2,169,9,5,10,0.1,0.920032622909126,0.665438408644975,3.25998656470468,8,0.0247393049829498
4,4,194,5,9,10,0.1,1.28478356628236,0.319979783224997,5.21279329502392,8,0.0201393426935285
13,2,193,6,1,7,0.1,1.28808114146267,3.07719299944381,3.99513393219268,14,0.0648676068728849
6,1,152,5,1,7,0.108046410238946,1.42676086407414,3.08893260154418,4.02429643751481,10,0.0482829262895346
3,4,168,5,3,3,0.1,1.33121116036628,1.07373809743784,5.03555159942322,9,0.0305335288695644
11,1,125,2,3,8,0.1,2.69625855423292,0.901325828638205,4.75037361018275,22,0.0636251025111178
14,3,91,8,3,8,0.1,0.728052391815866,1.10552045566151,2.06437119266086,6,0.0463826664878478
7,1,139,3,2,8,0.1,1.94542671414624,1.5951328418459,4.14073653527239,15,0.0690881990403545
8,4,156,4,8,3,0.169001282567681,1.69141059187943,0.576748028536941,3.87861020476756,13,0.0559079461451955
6,3,168,1,4,5,0.216050332441022,5.45416270555543,0.71313762820047,8.21176281098774,29,0.105704989308129
4,5,55,5,4,10,0.135150257511312,1.08839932149858,0.801573283774851,3.80968791616632,8,0.035106020854225
8,3,135,4,9,9,0.1,1.57959546591917,0.342595202879977,3.53483710108683,13,0.0479155188157525
5,5,140,1,4,1,0.341242795730813,5.14637401064287,1.02091295256868,8.30001858048741,25,0.0866026204561257
3,1,115,8,10,3,0.106551236321503,0.846625910696686,0.266772962509161,4.34828368569177,12,0.0483051979902522
4,3,108,9,1,6,0.167299304520501,0.781169366168452,2.85386264938895,3.55667550053523,7,0.0233082642141712
