"num_cells","Vdc","C_dc","fsw","R_load","L_load","mod_index","lambda_i","lambda_v","THD","unbalance"
2,143.078,929.209,4321.791,58.505,12.786,0.884,0.673,3.285,15,5
5,90.852,1910.022,4912.906,27.049,12.125,0.84,4.52,0.694,15,5
2,139.631,1170.454,4344.017,64.256,17.166,0.797,3.426,0.02,15,5
3,81.752,1153.657,1149.724,78.412,11.476,0.939,4.439,3.2,15,5
5,126.316,558.405,3995.182,60.637,7.569,0.765,2.572,3.378,15,4.392
3,69.842,1742.238,3772.819,34.433,5.645,0.735,1.082,2.397,15,4.818
2,40.173,1372.406,1631.621,41.542,14.684,0.894,2.818,1.169,15,4.619
5,62.943,1899.551,4702.579,64.046,9.996,0.829,3.72,3.096,15,4.353
2,145.887,1609.783,3932.984,52.146,5.034,0.852,4.184,3.758,15,5
2,107.335,1743.413,2426.888,44.638,13.602,0.847,3.598,1.975,15,5
2,106.382,1447.261,4749.543,71.029,13.697,0.905,0.569,3.823,15,5
2,120.688,1725.846,1680.65,76.683,9.404,0.737,3.597,1.62,15,5
2,43.199,703.571,3720.657,76.089,13.257,0.85,0.985,2.676,15,5
2,120.27,1117.808,2656.199,48.819,11.412,0.734,4.123,2.962,15,5
3,68.519,1613.4,3989.444,75.074,16.898,0.733,1.439,0.973,15,4.905
3,98.506,668.462,3972.751,63.879,18.277,0.829,4.26,2.214,15,5
3,68.566,1313.024,3599.503,40.185,5.914,0.813,4.194,2.873,15,5
2,99.733,1942.202,2254.735,69.231,9.606,0.746,0.242,1.228,15,4.416
4,128.483,629.871,4479.733,53.275,11.321,0.717,2.807,0.354,15,5
4,94.92,1910.847,2336.925,31.306,9.046,0.833,0.107,3.994,15,5
2,53.563,966.574,4782.957,50.002,7.028,0.917,1.025,4.625,15,5
2,137.374,1005.07,2277.096,44.227,12.186,0.792,2.328,0.249,15,5
4,42.056,1009.228,1118.654,72.034,15.976,0.779,1.932,1.662,15,3.468
5,93.214,1166.854,1241.542,39.65,18.176,0.933,1.961,0.794,15,5
3,50.238,817.66,4722.003,37.811,14.798,0.925,4.954,2.152,15,4.828
3,79.424,1763.011,3889.637,65.044,18.86,0.701,0.802,1.996,15,3.995
5,72.144,1113.698,1363.673,67.916,10.397,0.71,0.205,4.772,15,5
4,48.103,746.941,3959.563,48.543,15.283,0.938,2.487,2.353,15,2.858
2,104.084,1423.807,4700.561,43.401,9.319,0.723,1.61,3.791,15,5
3,46.094,1744.585,3324.791,48.206,10.475,0.77,2.999,4.093,15,5
2,97.727,1485.216,1918.077,63.274,12.361,0.941,4.535,2.756,15,5
2,136.719,661.981,4921.115,35.898,6.264,0.796,0.624,2.908,15,5
2,125.567,1139.699,1240.193,26.89,12.241,0.945,4.058,2.715,15,5
5,96.642,1318.272,2789.829,25.033,18.952,0.704,2.07,1.135,15,5
5,134.065,951.359,2862.65,28.564,17.116,0.866,0.31,2.155,15,2.709
4,68.062,1508.852,4577.574,70.744,10.894,0.72,4.142,0.364,15,5
4,134.823,1021.867,1005.736,74.677,19.276,0.823,2.318,2.982,15,5
3,132.496,698.306,4583.565,47.008,18.412,0.762,0.418,0.243,15,5
3,60.162,1638.742,2220.573,29.941,5.492,0.734,0.886,2.598,15,5
3,139.309,879.504,1602.39,66.113,8.452,0.776,2.593,1.673,15,3.269
2,142.66,1750.795,1508.011,58.967,15.355,0.708,4.602,2.392,15,5
5,86.677,642.602,1013.871,51.868,12.865,0.753,3.585,4.807,15,5
4,64.736,1018.775,2279.327,74.294,7.988,0.87,0.688,0.535,15,5
4,127.456,808.51,1192.773,22.329,9.269,0.787,3.687,1.258,15,5
2,40.045,809.855,3536.112,21.038,5.401,0.852,2.853,1.229,15,4.306
3,148.517,1989.68,2803.096,62.891,9.748,0.908,2.17,4.98,15,5
2,90.46,1247.235,2131.057,66.587,9.558,0.829,2.39,3.844,15,5
5,115.375,1027.688,4358.525,75.315,6.595,0.752,2.433,1.619,15,5
4,116.731,896.162,2705.86,63.28,12.117,0.785,1.203,1.081,15,5
4,133.741,1571.948,2255.927,26.949,13.625,0.908,2.602,3.47,15,5
2,145.039,1810.989,3789.379,50.756,12.212,0.75,0.501,2.363,15,5
4,64.204,1649.186,3242.831,45.407,17.579,0.772,2.354,3.904,15,5
5,70.153,948.589,2499.147,49.487,18.179,0.887,4.776,1.66,15,5
3,106.937,684.42,4505.739,70.541,5.694,0.877,2.674,4.727,15,5
4,118.885,1652.115,3825.508,31.497,9.468,0.781,2.859,4.412,15,5
4,82.398,947.228,1229.885,60.422,7.97,0.856,0.691,1.865,15,2.495
4,106.201,1105.86,4833.273,78.246,18.718,0.721,2.384,1.696,15,3.803
5,98.88,1912.542,4569.421,44.618,5.75,0.895,4.63,1.887,15,5
3,68.321,1329.871,1592.277,77.774,19.168,0.948,3.531,0.704,15,5
4,86.468,1305.98,2654.586,25.859,10.704,0.75,3.625,0.055,15,5
4,112.155,1072.063,1262.423,61.453,6.912,0.773,3.161,1.95,15,3.286
3,105.475,914.362,2596.508,28.749,17.361,0.735,4.545,4.5,15,5
4,64.695,922.268,3014.75,29.538,18.809,0.825,3.077,3.72,15,5
3,66.532,1467.256,2510.947,22.811,5.722,0.941,1.132,0.057,15,5
3,79.794,1376.75,3423.175,35.823,15.127,0.934,0.018,3.935,15,5
4,70.397,1027.765,4251.221,30.292,12.817,0.891,1.444,2.184,15,2.761
5,142.986,1967.454,3707.049,37.896,8.124,0.78,4.272,0.305,15,5
2,42.108,1737.122,2605.074,60.323,6.78,0.819,4.627,2.874,15,5
3,58.092,789.326,1390.571,69.747,17.088,0.77,2.245,3.129,15,5
4,117.826,1539.495,1384.589,22.214,11.014,0.703,2.839,4.725,15,5
4,76.026,1920.809,4642.3,65.747,16.371,0.95,2.902,1.066,15,5
3,108.011,1787.28,1557.55,41.995,7.357,0.812,2.429,4.751,15,5
2,76.686,862.78,4168.283,49.783,12.708,0.718,1.726,3.782,15,5
2,78.26,1119.508,2246.621,64.254,10.825,0.855,3.118,4.012,15,5
3,129.752,612.564,4603.861,24.25,7.867,0.894,1.016,2.019,15,3.251
5,72.573,1064.119,3852.384,27.509,11.439,0.708,2.271,3.972,15,5
3,137.07,1625.78,1390.772,68.934,17.876,0.729,0.687,2.741,15,5
2,130.183,1309.04,2996.08,21.334,13.311,0.88,1.179,4.059,15,5
4,131.862,666.618,2072.28,67.909,9.484,0.917,0.197,1.699,15,2.317
4,148.627,1862.678,4917.561,30.228,5.641,0.736,1.803,2.722,15,4.507
3,78.139,1054.019,3496.595,63.644,7.969,0.847,4.214,4.997,15,5
4,70.026,1734.755,3577.586,51.674,5.43,0.772,0.178,4.489,15,5
4,66.87,1087.95,3480.62,53.87,5.621,0.819,4.746,1.202,15,5
2,85.062,1954.922,2455.939,63.494,15.54,0.706,4.73,2.667,15,5
2,97.876,899.183,3019.744,51.95,6.303,0.929,2.82,0.296,15,5
2,129.097,1087.629,4093.691,72.404,14.275,0.789,4.661,3.724,15,5
4,139.838,1582.458,4610.828,52.143,10.228,0.908,3.952,2.657,15,4.743
3,117.631,508.56,2883.013,55.77,9.26,0.714,1.889,2.651,15,5
2,66.617,535.525,2315.084,44.785,6.631,0.913,0.045,4.849,15,5
5,131.544,740.974,3085.446,46.014,9.977,0.812,0.206,1.217,15,5
5,115.586,1779.179,4468.87,25.345,5.196,0.806,4.866,2.495,15,4.107
4,119.778,1679.041,2799.128,48.145,11.028,0.926,2.818,3.455,15,5
4,52.443,1771.686,2787.278,44.113,11.483,0.866,0.912,4.192,15,5
2,143.521,1971.142,1209.189,42.944,17.093,0.837,1.522,2.012,15,5
4,74.387,1980.365,4315.708,56.463,7.072,0.918,2.885,3.996,15,5
4,110.173,1231.858,3327.354,26.022,17.624,0.801,3.863,4.757,15,5
5,123.018,1603.881,4007.143,39.957,5.863,0.869,0.208,3.218,15,3.884
3,118.885,842.258,2635.096,54.267,18.192,0.849,4.591,1.757,15,3.82
4,114.085,770.809,3926.981,39.594,10.286,0.897,1.823,1.416,15,3.96
4,45.997,1290.927,1351.09,36.217,5.019,0.877,3.985,0.671,15,5
4,148.573,1224.891,1314.806,28.067,18.415,0.878,4.371,4.519,15,5
4,82.355,996.064,1394.321,54.871,16.343,0.829,1.373,2.223,15,2.714
5,132.205,1911.125,2691.142,56.284,8.303,0.915,4.638,2.917,15,4.318
5,124.003,901.777,3750.964,53.464,11.465,0.915,0.558,1.582,15,4.938
4,71.744,1586.081,1181.565,26.529,11.264,0.849,0.986,2.506,15,3.478
5,70.432,585.702,4539.704,28.873,9.761,0.87,1.413,2.124,15,2.505
4,148.128,785.094,4487.57,26.755,7.911,0.883,1.351,1.05,15,5
3,63.274,1281.538,1056.646,51.609,10.783,0.7,2.832,2.239,15,4.996
2,63.306,1058.473,3694.752,29.399,11.056,0.766,1.748,0.566,15,4.937
3,83.187,1762.33,2591.516,47.382,19.372,0.894,2.384,4.923,15,5
5,140.569,1872.664,4229.994,41.17,15.134,0.767,4.789,0.607,15,5
3,79.701,1412.537,3412.536,72.86,14.458,0.916,4.613,2.844,15,5
2,42.447,841.691,1945.871,53.377,14.941,0.825,0.578,3.218,15,5
2,124.784,842.601,2841.313,70.282,8.847,0.815,4.171,1.651,15,5
4,96.901,682.075,3252.224,22.247,19.311,0.703,2.883,3.713,15,5
5,107.534,1593.212,2281.738,28.652,5.809,0.939,0.128,4.604,15,5
3,86.351,1421.439,1019.021,59.816,6.735,0.926,0.505,2.827,15,5
4,94.16,1508.211,2872.929,37.745,13.193,0.884,3.858,4.072,15,5
5,147.438,753.639,1681.707,57.685,16.013,0.935,3.841,0.832,15,5
3,129.989,1510.427,2501.908,73.06,13.565,0.817,3.18,3.703,15,5
3,149.793,1625.413,1753.796,26.525,16.157,0.729,4.989,3.891,15,5
5,99.949,1510.293,2497.332,28.827,19.535,0.717,3.012,0.974,15,5
3,60.876,1279.155,2980.366,28.5,16.299,0.703,0.89,0.568,15,5
2,122.998,1492.013,4063.198,28.571,13.791,0.877,2.1,4.954,15,5
5,149.61,1619.612,4119.16,74.28,15.001,0.873,4.73,0.648,15,5
4,104.728,957.504,1054.7,39.392,7.548,0.755,2.363,0.04,15,5
2,139.355,507.991,3895.159,44.405,5.344,0.799,0.888,1.268,15,3.31
4,61.008,1998.959,1074.536,63.073,13.06,0.798,2.496,4.95,15,5
5,45.997,1671.709,2385.16,21.331,14.342,0.732,0.899,3.182,15,3.583
4,57.327,1905.806,4061.749,69.298,8.777,0.729,0.664,2.097,15,3.391
4,80.656,833.648,4587.896,26.381,17.585,0.911,0.135,3.827,15,5
4,83.905,1423.93,1531.08,24.838,14.948,0.898,1.867,3.994,15,5
3,71.754,957.662,4264.421,55.213,14.941,0.861,1.141,3.05,15,5
2,91.018,1397.558,4655.514,22.881,17.271,0.722,1.355,4.237,15,5
3,60.676,1351.126,1262.726,46.253,13.297,0.835,1.272,0.826,15,5
5,131.5,963.363,1753.69,51.137,7.761,0.756,4.788,0.966,15,5
4,135.404,1993.473,3288.457,55.449,15.505,0.844,0.816,2.652,15,4.078
3,142.055,969.634,2650.721,43.687,15.399,0.848,0.753,1.712,15,3.142
4,42.251,1850.243,1500.153,79.808,5.969,0.907,1.78,2.009,15,3.794
3,148.385,1504.112,1006.177,41.953,12.984,0.839,2.719,2.749,15,5
3,130.743,1361.645,2341.45,73.755,6.033,0.875,0.273,4.338,15,5
4,103.363,1525.45,3429.09,60.366,8.658,0.938,4.652,3.498,15,5
3,124.993,1620.249,4366.424,69.647,12.033,0.743,4.915,2.01,15,5
2,109.956,1852.731,4278.317,49.936,15.927,0.895,1.359,3.573,15,5
5,102.814,1750.553,2179.234,31.435,7.536,0.704,0.573,0.32,15,5
3,95.153,914.913,1431.584,70.822,15.662,0.901,0.073,1.268,15,3.14
3,43.057,1856.192,4364.304,77.822,14.239,0.73,4.627,0.623,15,5
5,127.798,1061.442,4546.78,28.192,18.547,0.926,4.295,2.659,15,3.391
4,137.185,850.805,4777.307,59.493,7.393,0.938,0.777,4.78,15,5
5,141.428,1365.228,1574.558,41.905,5.8,0.729,3.628,0.841,15,5
4,119.621,1646.202,4517.708,62.738,8.675,0.823,3.788,0.002,15,5
2,132.81,603.612,2061.354,62.619,5.766,0.784,4.467,1.14,15,5
5,110.081,1779.196,3748.423,66.651,7.2,0.768,1.302,1.778,15,5
5,119.205,1975.009,1647.709,65.971,19.31,0.766,0.429,1.145,15,5
2,137.798,1751.239,3937.686,58.814,17.643,0.74,1.819,1.375,15,5
3,61.807,1500.118,4150.937,77.131,10.74,0.832,1.942,0.659,15,5
4,133.48,616.197,2135.457,26.589,8.329,0.712,0.304,2.668,15,2.827
5,93.167,1635.837,4648.371,66.648,19.612,0.741,1.559,2.199,15,3.581
3,112.528,710.187,3673.088,29.14,13.668,0.853,0.754,2.681,15,5
2,72.838,1769.222,2792.813,61.844,19.211,0.843,2.464,2.486,15,5
3,66.478,776.054,3642.227,26.218,9.204,0.701,1.127,3.741,15,5
3,65.805,1645.857,1833.375,33.487,14.824,0.824,2.948,2.164,15,4.946
4,132.819,1500.222,3018.805,62.701,19.635,0.873,4.977,4.759,15,5
5,80.602,988.111,2896.379,75.86,12.985,0.929,1.635,1.521,15,5
3,128.362,561.694,3853.443,62.529,18.432,0.769,0.674,4.631,15,5
2,102.326,1856.791,3406.543,32.045,17.287,0.864,2.188,0.689,15,5
4,148.387,1497.564,4952.857,43.273,17.209,0.767,2.387,0.995,15,5
3,77.988,1433.078,1694.459,20.354,6.238,0.748,4.151,1.988,15,4.716
4,125.6,717.388,1908.308,56.138,18.385,0.861,2.163,4.485,15,5
3,149.491,1249.023,2031.017,63.466,7.368,0.779,1.481,3.397,15,5
4,79.057,1186.835,3339.941,31.751,8.884,0.918,0.596,4.101,15,5
4,114.104,669.78,4408.159,43.937,13.392,0.821,0.635,4.193,15,5
5,104.351,1929.325,4647.394,24.678,6.013,0.935,0.836,4.56,15,5
3,67.105,534.542,2136.857,68.774,15.784,0.832,0.922,3.358,15,5
5,109.188,1357.987,3736.377,76.689,5.507,0.781,4.023,1.067,15,5
4,105.252,1389.295,3890.943,65.134,6.185,0.882,4.281,3.561,15,5
3,103.154,549.113,2775.05,38.839,8.414,0.746,4.165,4.934,15,5
4,134.171,1177.381,3929.941,60.558,16.243,0.94,4.979,4.902,15,5
5,61.566,608.419,2630.579,20.778,19.84,0.886,4.022,0.794,15,5
4,109.935,1930.132,2548.075,34.943,5.407,0.788,1.058,1.571,15,4.796
2,144.524,1258.356,1758.229,54.291,15.101,0.797,4.834,2.56,15,5
3,146.282,1886.003,1532.256,67.318,18.948,0.861,3.745,2.293,15,5
4,62.07,763.115,4584.977,23.722,11.167,0.778,2.154,1.658,15,3.179
4,113.763,1736.823,4089.089,66.006,16.777,0.929,3.898,2.103,15,4.465
3,124.828,664.978,3506.278,57.935,17.999,0.868,4.233,1.138,15,4.247
4,111.27,938.98,4238.545,66.52,17.37,0.839,0.038,2.326,15,2.453
4,74.159,698.759,3383.733,69.037,16.601,0.857,0.534,4.298,15,5
4,148.625,1301.86,1083.502,36.913,14.781,0.932,3.249,2.712,15,4.654
2,73.109,1817.377,2655.03,20.424,6.224,0.753,3.353,2.263,15,5
5,121.257,1331.941,1262.844,54.347,12.546,0.814,3.5,2.041,15,4.412
4,125.546,1083.729,4424.361,48.806,7.2,0.841,0.799,1.538,15,3.747
5,94.752,779.286,2177.646,57.33,9.382,0.727,4.376,3.462,15,5
4,69.099,1269.386,4045.578,23.623,18.995,0.787,2.059,4.806,15,5
2,96.838,1714.198,4574.83,42.774,5.859,0.786,1.999,3.032,15,5
4,73.261,1903.508,3425.026,39.953,13.395,0.738,2.287,0.642,15,5
4,81.072,1968.221,4414.606,20.479,13.627,0.738,2.289,3.15,15,5
2,138.632,1376.746,3650.122,50.606,8.708,0.928,2.861,3.073,15,5
2,62.724,1163.448,3455.818,59.109,14.495,0.88,1.034,1.936,15,5
5,91.842,1894.271,1581.941,44.611,6.232,0.933,4.092,0.998,15,5
3,90.07,1864.028,3979.873,65.486,11.506,0.709,4.433,1.699,15,5
4,67.122,882.716,1032.925,71.722,11.166,0.874,1.595,2.23,15,2.588
5,85.26,1515.999,3119.499,27.713,5.748,0.709,4.81,1.735,15,5
4,110.86,1237.532,2064.257,40.478,6.033,0.721,4.737,3.833,15,5
5,85.03,1065.188,4826.008,50.336,5.742,0.733,3.858,4.094,15,5
4,142.754,1795.419,4996.542,27.79,13.179,0.908,4.842,4.601,15,5
5,119.521,587.224,1677.832,42.924,8.669,0.804,1.64,0.64,15,5
5,142.959,1303.397,4482.683,66.175,15.49,0.715,3.824,1.226,15,5
5,40.618,1159.491,1781.996,23.482,16.891,0.778,1.674,4.927,15,5
4,125.327,967.522,2041.705,60.977,15.87,0.879,2.188,0.771,15,5
5,112.781,1123.338,1262.967,26.235,19.072,0.935,4.554,0.723,15,5
5,144.273,1168.545,4450.917,38.49,18.219,0.836,3.186,0.152,15,5
4,46.021,1563.783,3434.863,29.082,12.829,0.898,2.044,1.579,15,4.503
4,79.911,999.517,1164.872,72.498,12.778,0.821,0.655,2.23,15,2.667
5,66.593,1701.685,1643.314,37.576,8.603,0.85,0.599,3.088,15,3.468
5,53.874,1609.613,3849.73,49.96,9.147,0.865,0.594,1.55,15,5
3,125.438,679.493,1165.938,39.074,17.148,0.906,0.19,4.097,15,5
3,48.985,1795.269,3163.122,26.282,18.254,0.799,0.623,4.973,15,5
2,93.199,1285.472,3316.966,71.644,9.454,0.773,1.976,1.541,15,4.853
2,103.006,1466.207,4338.791,59.481,13.153,0.872,0.237,2.609,15,5
4,58.443,1887.283,3148.818,61.502,10.459,0.889,2.265,1.427,15,5
4,95.676,1013.741,4417.084,62.052,16.381,0.849,2.368,4.078,15,5
5,132.503,598.117,4533.255,63.475,6.213,0.725,4.069,0.612,15,5
3,93.518,1988.001,1734.982,20.284,6.772,0.826,1.635,2.735,15,5
3,100.429,870.436,1873.073,58.495,18.811,0.934,1.922,0.729,15,5
2,105.4,908.466,4762.422,28.718,18.664,0.876,1.383,0.302,15,5
5,44.743,1764.727,2227.275,48.885,10.703,0.865,4.554,3.991,15,5
5,126.042,1508.963,2817.543,42.482,9.099,0.773,2.357,1.949,15,4.476
3,68.608,559.814,3032.746,49.789,10.593,0.843,4.842,0.409,15,5
2,102.366,516.397,1341.208,47.778,11.749,0.89,4.341,0.928,15,4.211
2,58.41,1977.222,4272.015,46.599,13.771,0.922,4.054,3.714,15,5
5,40.914,1424.235,2818.877,54.091,18.491,0.742,3.834,0.565,15,5
4,57.793,1539.58,4189.097,66.415,8.199,0.751,3.166,3.805,15,5
3,51.934,526.245,2653.658,55.452,12.745,0.934,1.303,3.554,15,5
2,107.902,1418.453,4462.875,58.383,6.378,0.917,4.209,2.477,15,5
4,90.06,1542.811,4778.627,47.829,15.601,0.909,0.244,2.018,15,2.71
3,41.018,1694.002,3726.7,21.566,9.568,0.937,1.416,1.794,15,4.1
3,45.27,1700.07,3646.367,64.121,5.653,0.835,3.128,3.745,15,5
5,109.954,1388.455,1045.475,21.2,7.43,0.717,2.381,4.916,15,5
2,130.865,713.595,1461.81,20.269,16.119,0.896,1.066,2.59,15,5
2,45.038,926.961,1681.48,36.504,15.411,0.912,2.538,4.768,15,5
5,89.496,1169.677,3920.446,49.608,6.609,0.93,1.201,3.268,15,4.194
5,142.354,974.507,2879.341,53.363,17.309,0.859,1.826,2.401,15,2.839
3,120.238,1058.387,3041.515,75.744,13.677,0.802,1.059,4.111,15,5
2,64.479,1319.86,1352.679,27.744,16.157,0.921,4.731,1.285,15,5
3,116.499,985.138,2522.639,64.831,9.218,0.89,0.365,3.356,15,5
2,87.458,998.865,4009.585,21.249,10.837,0.776,0.841,3.077,15,5
4,138.874,1267.541,1203.865,78.408,7.371,0.9,0.778,2.132,15,2.92
4,103.272,1131.128,2138.594,40.71,18.901,0.927,4.846,3.996,15,5
2,55.935,1637.823,1347.079,62.048,17.434,0.823,2.738,3.347,15,5
4,124.091,1024.931,3137.124,73.596,11.715,0.782,0.234,1.947,15,2.457
2,115.759,1298.588,4039.978,58.991,12.453,0.811,1.603,3.328,15,5
5,83.968,1601.775,3954.208,39.586,16.913,0.903,4.951,4.337,15,5
3,43.027,1923.881,4743.13,73.401,14.006,0.78,3.268,1.244,15,5
3,104.343,1099.247,4821.997,29.211,12.452,0.886,1.034,2.028,15,3.616
4,135.208,1147.874,1425.924,40.265,11.462,0.872,0.317,1.488,15,3.669
5,82.9,1260.864,2930.594,64.633,19.871,0.824,4.696,2.701,15,3.698
3,142.25,1574.063,4055.334,51.58,9.617,0.95,2.665,0.133,15,5
5,41.972,1768.207,2590.27,62.262,14.463,0.917,2.065,4.949,15,5
4,92.467,633.164,2119.98,75.286,19.397,0.905,0.868,0.541,15,5
3,107.394,1193.267,4528.92,44.285,12.275,0.827,3.314,1.444,15,4.181
4,142.464,1440.499,1666.703,58.903,12.069,0.921,3.821,4.324,15,5
2,145.02,997.407,4717.616,61.428,7.463,0.789,4.631,4.887,15,5
5,131.091,1300.487,1596.56,69.994,18.007,0.943,0.398,4.3,15,5
2,57.797,782.396,1822.486,21.372,15.317,0.701,1.912,4.872,15,5
3,49.587,1017.616,4909.446,24.025,17.186,0.836,1.227,0.748,15,5
5,108.64,694.672,1598.435,57.266,8.376,0.913,1.558,3.933,15,5
3,119.322,523.263,4899.742,47.125,5.728,0.75,0.526,0.075,15,5
3,54.871,1781.295,4051.597,58.424,17.269,0.826,1.863,4.454,15,5
3,87.971,804.939,4702.65,53.556,10.626,0.741,4.852,1.921,15,4.189
2,61.856,928.636,1797.607,53.99,7.521,0.936,2.522,0.235,15,5
3,146.697,883.812,4197.208,28.291,8.674,0.916,3.089,1.423,15,3.539
3,121.885,730.994,4466.598,58.681,19.758,0.74,1.015,4.199,15,5
3,139.352,1586.044,4533.318,40.002,19.944,0.732,0.139,0.063,15,5
4,145.28,656.437,1528.521,57.105,9.689,0.822,3.951,0.077,15,5
2,69.102,1977.879,1271.043,51.229,18.263,0.75,2.946,0.695,15,5
4,52.424,1800.697,3900.044,76.152,18.841,0.727,1.644,3.667,15,5
4,103.668,1268.86,2150.593,21.704,9.654,0.813,0.436,2.501,15,3.329
4,75.781,1791.88,1964.959,38.008,8.751,0.878,0.053,2.131,15,3.254
2,71.248,1971.465,4168.346,56.276,17.176,0.737,1.292,3.461,15,5
2,127.053,1338.867,4687.761,36.989,15.046,0.747,0.504,1.085,15,4.374
4,83.38,878.234,4186.472,34.411,7.246,0.745,4.69,2.795,15,4.886
3,137.643,619.119,3029.626,73.441,16.636,0.724,1.76,3.694,15,5
3,60.071,1740.079,3397.958,22.033,12.571,0.843,3.568,2.12,15,5
5,144.842,715.253,3666.386,76.581,11.638,0.815,4.131,3.399,15,5
2,74.731,1054.561,2383.97,32.726,19.052,0.773,4.979,0.733,15,5
4,128.43,682.183,4856.834,52.206,18.8,0.835,0.528,2.792,15,3.689
2,143.87,1952.371,4367.681,59.959,8.465,0.94,2.756,2.413,15,5
4,135.711,1071.766,1748.991,29.36,17.123,0.903,2.739,1.468,15,4.623
2,131.002,983.312,2375.218,44.502,7.094,0.914,1.083,1.587,15,4.456
3,126.013,1258.898,4148.869,20.931,12.793,0.903,3.886,4.854,15,5
5,84.08,546.846,1504.935,68.066,9.634,0.858,2.192,2.545,15,2.264
5,146.097,1760.862,2845.454,30.714,10.255,0.806,0.949,3.397,15,4.587
5,59.506,1810.127,2659.855,52.338,6.402,0.932,2.909,4.195,15,5
4,119.079,1094.5,2434.971,26.179,12.22,0.748,1.372,4.659,15,5
4,78.596,1704.524,3985.292,53.681,7.004,0.741,4.066,0.677,15,5
4,101.027,1099.603,4733.983,75.407,13.647,0.772,3.505,2.954,15,5
2,135.205,1646.85,4054.138,31.293,7.17,0.878,4.446,2.067,15,5
5,58.844,1444.014,2834.083,39.835,11.26,0.867,0.184,1.67,15,4.96
5,136.451,1282.974,3311.694,34.48,6.379,0.72,4.8,1.725,15,5
4,49.609,1655.353,1464.483,64.857,9.479,0.879,1.627,3.622,15,5
3,70.244,1007.252,3327.661,52.22,13.449,0.763,2.713,3.945,15,5
4,96.144,1603.259,4417.939,52.988,11.168,0.759,3.451,3.638,15,5
2,79.924,1170.277,4933.207,72.114,13.262,0.849,1.557,3.072,15,5
2,110.565,1584.621,3810.108,42.502,19.088,0.77,4.159,0.289,15,5
2,43.998,1334.399,3953.294,21.989,6.263,0.715,1.763,0.182,15,5
4,41.031,1626.642,3719.045,40.117,12.882,0.845,1.994,4.183,15,5
4,126.356,922.988,4494.925,46.843,10.13,0.88,0.733,3.518,15,5
4,106.259,1128.768,1477.371,33.956,14.304,0.872,2.844,1.771,15,3.527
5,86.719,533.586,1128.285,25.893,19.142,0.861,0.734,2.198,15,2.231
5,118.032,1284.803,1214.429,57.473,16.592,0.796,3.367,0.144,15,5
2,140.066,1867.458,4665.259,75.905,13.093,0.861,0.303,2.075,15,5
5,57.374,1296.112,4202.822,46.565,16.345,0.86,4.482,1.915,15,5
2,64.102,1228.19,3724.913,47.818,19.087,0.785,0.002,1.087,15,3.474
3,111.474,1828.493,1455.9,36.197,18.268,0.943,4.508,3.481,15,5
3,119.762,1011.585,4002.806,39.556,9.32,0.772,1.027,1.439,15,2.87
5,80.692,1912.317,3307.1,52.228,15.914,0.779,4.155,3.306,15,5
2,72.144,983.132,3516.413,66.229,8.438,0.761,0.654,4.283,15,5
3,133.21,1510.326,4479.447,57.548,17.17,0.934,0.014,2.372,15,5
4,128.873,882.834,3355.686,46.321,7.816,0.702,1.907,0.637,15,5
2,104.239,1500.724,3957.405,60.268,7.265,0.852,4.657,1.906,15,5
2,119.878,1708.311,2740.195,36.056,16.755,0.747,0.826,0.065,15,5
4,93.932,1397.402,3682.067,45.042,16.777,0.884,4.233,3.307,15,5
5,103.934,1287.839,4702.257,21.867,15.849,0.814,3.784,0.186,15,5
2,70.648,868.068,4292.122,65.398,12.109,0.734,0.872,4.579,15,5
2,114.699,1557.924,2055.458,40.215,10.408,0.792,1.718,3.489,15,5
5,88.763,905.259,1888.292,67.495,8.82,0.715,1.896,4.533,15,5
4,43.933,1469.581,1261.21,39.167,8.932,0.897,0.695,3.325,15,5
5,120.175,894.197,4075.886,50.614,15.248,0.811,3.143,3.301,15,4.378
5,131.793,1295.456,4779.684,35.262,16.393,0.814,4.473,0.595,15,5
5,146.261,1515.52,1025.647,62.234,5.735,0.719,0.388,4.863,15,5
4,110.803,1184.537,4399.741,70.21,12.047,0.947,2.731,3.69,15,5
5,55.424,1273.194,4428.914,74.312,17.206,0.849,4.039,3.598,15,5
5,64.573,1951.519,4566.739,73.555,6.489,0.721,4.734,3.412,15,5
3,87.041,938.344,1411.262,44.9,14.447,0.711,4.559,0.403,15,5
5,50.557,919.912,3133.962,36.227,13.686,0.882,2.02,2.034,15,3.534
3,101.475,1338.014,2672.34,26.302,8.904,0.938,4.008,3.092,15,5
4,68.491,503.508,4491.276,64.547,13.444,0.841,0.617,0.984,15,5
5,44.148,856.452,1984.267,30.017,6.772,0.87,3.926,2.907,15,3.269
2,116.064,756.181,3239.548,54.326,18.831,0.844,4.853,2.357,15,5
5,130.767,820.155,1274.643,23.022,19.806,0.859,4.739,2.905,15,3.285
2,124.148,572.206,3522.725,43.616,7.257,0.896,0.433,3.999,15,5
4,106.433,1806.975,1222.866,72.227,10.301,0.844,4.825,2.202,15,4.832
5,90.906,1038.886,3439.286,79.243,9.837,0.821,4.995,4.854,15,5
5,71.115,1264.091,1706.466,70.222,5.341,0.788,1.335,4.371,15,5
3,50.183,995.547,3700.109,53.793,7.145,0.778,4.596,4.437,15,5
3,54.861,1484.242,1698.917,73.508,15.163,0.835,1.849,3.341,15,5
4,72.613,949.866,1296.93,75.699,11.017,0.866,0.125,0.763,15,5
4,81.735,1683.024,2866.378,48.759,11.513,0.742,3.719,4.068,15,5
5,100.566,943.775,2812.426,46.547,7.344,0.877,0.021,3.685,15,5
4,91.06,1807.575,4194.592,36.253,13.49,0.707,4.237,0.87,15,5
5,58.996,716.14,2146.263,32.864,13.166,0.863,1.425,3.001,15,2.875
4,50.84,1510.026,1440.741,65.51,19.369,0.741,4.385,1.624,15,5
2,55.293,1772.266,2738.385,74.942,7.382,0.927,4.511,4.476,15,5
4,138.457,753.742,2885.645,39.262,8.712,0.784,0.763,3.902,15,5
4,60.814,901.659,3208.675,56.147,14.141,0.735,4.053,2.672,15,4.411
4,93.349,724.09,4703.422,25.341,14.367,0.892,1.716,4.04,15,5
4,131.158,1811.749,4560.111,60.578,13.016,0.77,3.94,2.951,15,5
5,82.134,1282.754,4527.956,28.013,18.572,0.811,0.605,1.486,15,5
3,121.981,1762.36,4283.122,61.364,12.952,0.824,4.844,2.691,15,5
4,95.457,806.907,2496.736,41.019,19.509,0.83,2.679,1.135,15,5
3,41.157,997.41,3205.382,41.071,15.249,0.842,2.742,0.039,15,5
5,108.465,1917.651,3548.283,38.258,5.844,0.85,2.929,2.146,15,4.695
5,68.784,1889.305,3573.699,44.031,11.454,0.769,1.163,2.011,15,4.722
5,77.194,856.827,2916.378,61.097,18.682,0.731,0.893,2.228,15,2.297
5,41.557,977.127,3429.17,69.053,13.999,0.829,2.596,2.152,15,3.254
3,140.115,1720.384,3937.279,42.539,12.686,0.825,0.684,2.254,15,4.797
2,64.991,925.557,1750.095,66.994,11.983,0.862,0.179,1.371,15,3.472
2,141.372,1978.318,4168.908,79.44,5.27,0.845,3.128,0.604,15,5
3,85.686,578.359,4935.715,30.923,15.794,0.839,0.742,3.034,15,5
3,119.605,1278.134,4631.316,21.38,9.11,0.813,2.613,2.356,15,5
2,117.654,1188.984,2239.342,41.683,12.309,0.78,3.465,2.568,15,5
5,111.175,1212.91,3627.175,33.401,13.514,0.943,0.677,3.65,15,5
5,46.116,1565.127,2154.255,73.817,17.708,0.857,3.721,3.889,15,5
2,74.689,1385.846,2366.79,60.865,10.567,0.805,4.323,4.595,15,5
4,83.781,1079.745,4538.178,24.361,14.694,0.711,1.332,4.889,15,5
4,123.195,1227.654,4703.826,48.455,16.052,0.881,2.553,1.975,15,3.378
3,61.051,1746.639,1653.095,53.918,13.705,0.822,0.68,0.893,15,5
4,90.651,1282.85,2955.378,69.37,12.159,0.919,3.554,3.619,15,5
2,108.58,511.985,3724.19,41.453,13.659,0.807,0.307,2.204,15,5
3,43.789,665.32,4983.369,76.614,15.615,0.924,2.488,3.208,15,5
2,99.309,1672.659,4302.466,60.507,11.588,0.93,3.945,0.175,15,5
3,101.528,1932.877,2188.854,26.797,18.268,0.917,0.103,0.006,15,5
5,62.338,596.816,1316.156,67.694,19.905,0.861,2.824,0.458,15,5
5,57.583,1246.979,3793.415,67.73,6.624,0.84,3.509,1.68,15,5
3,58.914,1635.961,2956.718,46.554,19.864,0.873,0.269,3.657,15,5
5,112.095,1980.948,3888.146,21.472,12.399,0.738,3.311,0.137,15,5
5,46.581,543.947,1640.615,58.095,19.83,0.84,2.012,1.109,15,5
3,79.725,913.446,2589.316,79.402,15.41,0.782,4.368,3.603,15,5
2,71.04,1847.369,4057.571,57.838,16.993,0.85,1.056,4.866,15,5
5,103.39,1030.186,1038.565,26.972,10.438,0.882,3.178,1.686,15,5
2,54.398,1506.531,2227.281,65.811,16.454,0.931,2.278,0.23,15,5
3,96.321,1456.714,2794.488,43.257,6.797,0.942,0.177,2.043,15,3.386
2,84.243,700.617,4651.932,76.051,9.034,0.71,3.019,0.936,15,4.311
2,74.296,907.831,4965.847,41.56,12.474,0.935,4.543,3.617,15,5
2,105.739,1411.822,2063.834,34.269,14.266,0.791,4.318,3.402,15,5
5,77.076,1555.045,1124.072,71.024,13.178,0.886,3.404,2.157,15,4.544
5,123.609,1561.212,2261.458,55.686,10.902,0.828,2.013,1.048,15,5
3,145.07,1137.456,4304.461,73.216,19.686,0.841,3.839,0.774,15,5
3,76.364,1775.448,2533.845,51.106,14.695,0.819,2.034,2.653,15,5
5,125.946,517.341,4620.222,69.746,12.849,0.756,2.985,2.235,15,2.751
4,41.002,1574.578,1452.596,65.59,18.752,0.845,0.896,3.548,15,5
3,120.61,1222.823,2829.236,38.706,11.759,0.761,1.605,4.516,15,5
3,63.776,1169.758,4431.396,52.665,5.365,0.739,2.593,4.063,15,5
3,131.053,1161.682,4745.824,40.505,11.034,0.936,1.803,0.817,15,5
2,46.949,1364.232,1849.25,67.055,12.786,0.893,3.064,4.307,15,5
5,53.075,618.014,3587.625,25.781,6.311,0.905,2.048,4.769,15,5
5,136.37,1237.452,2472.661,55.589,11.097,0.769,0.659,0.003,15,5
5,66.038,740.482,3453.167,63.971,9.027,0.934,4.106,3.571,15,5
3,50.703,745.918,3523.339,66.17,17.828,0.948,1.79,0.802,15,4.518
4,143.874,1855.382,3202.554,43.208,5.15,0.934,0.07,1.814,15,3.601
4,118.846,671.403,3968.956,59.289,12.889,0.829,1.042,0.155,15,5
5,138.261,559.626,3695.083,67.822,18.223,0.764,0.124,2.778,15,1.956
3,80.471,698.45,4003.605,48.857,18.214,0.707,0.496,1.419,15,2.237
3,148.324,910.094,3527.233,61.597,10.07,0.728,4.111,4.266,15,5
3,139.004,1580.143,1011.203,65.307,16.175,0.854,1.275,4.864,15,5
5,112.154,1056.524,1435.608,70.624,9.395,0.904,1.66,1.052,15,5
4,83.127,1544.785,3036.215,67.064,19.477,0.849,3.655,3.561,15,5
5,67.291,1688.506,1056.696,38.244,16.015,0.902,1.695,3.74,15,5
5,133.589,1183.444,1489.938,37.901,7.196,0.937,1.635,2.777,15,2.937
4,111.258,968.902,1757.488,72.659,10.133,0.825,1.093,1.093,15,5
4,147.024,953.26,3950.415,60.228,11.264,0.894,1.734,2.275,15,2.409
5,82.898,569.228,4764.463,76.12,13.044,0.812,1.61,2.68,15,2.112
2,117.678,1866.185,2758.463,40.161,18.806,0.909,4.222,1.32,15,5
2,132.705,1653.587,4675.363,41.343,19.065,0.848,3.766,0.4,15,5
2,125.001,527.641,2815.348,75.335,14.537,0.736,1.027,1.615,15,4.466
5,114.982,975.494,1906.872,50.577,5.819,0.764,1.072,1.597,15,5
3,51.687,1020.106,1047.591,58.882,8.761,0.767,1.241,3.477,15,5
3,40.376,512.84,4687.582,68.175,8.842,0.838,4.474,4.533,15,5
5,100.52,734.551,3600.122,37.784,6.175,0.872,2.099,3.542,15,5
2,104.027,519.787,4687.269,59.941,16.587,0.854,0.322,3.741,15,5
3,138.402,787.794,2728.404,49.74,10.178,0.882,3.662,2.235,15,4.688
2,50.069,791.259,4964.851,39.922,5.094,0.845,4.931,2.891,15,5
2,66.32,1221.114,2734.201,79.271,10.462,0.947,3.047,3.892,15,5
4,63.911,1105.53,1676.732,75.63,10.707,0.858,4.686,0.606,15,5
4,54.761,1496.332,1678.669,62.07,13.817,0.764,3.156,2.742,15,4.734
5,53.511,1805.597,2315.819,69.06,14.468,0.709,2.3,0.441,15,5
3,54.011,1490.901,3374.957,56.481,12.07,0.72,2.791,0.231,15,5
2,52.506,1261.025,4403.73,49.361,12.104,0.75,2.46,3.069,15,5
2,73.994,692.452,4298.161,72.887,7.599,0.711,3.041,4.581,15,5
5,86.077,1073.461,2162.696,46.667,12.746,0.859,4.53,3.514,15,5
5,69.527,1338.107,4991.947,52.769,7.725,0.793,3.118,0.635,15,5
2,132.112,1699.432,1535.861,39.122,5.342,0.781,2.8,2.764,15,5
3,65.794,882.674,2149.157,33.592,9.396,0.732,3.551,4.24,15,5
2,127.399,1406.469,1572.442,78.943,17.946,0.72,2.936,1.774,15,5
2,59.422,1881.552,4998.257,45.324,13.714,0.894,1.006,0.685,15,5
4,114.459,1550.069,2101.742,77.843,12.23,0.945,1.402,0.717,15,5
3,118.727,895.253,1608.932,71.423,7.513,0.858,0.599,0.851,15,4.452
3,99.522,1109.08,4875.922,44.37,7.234,0.849,2.935,3.16,15,5
2,48.663,566.6,1407.918,62.679,6.187,0.757,4.879,0.122,15,5
4,102.677,1237.101,3329.425,39.631,17.212,0.937,2.894,3.357,15,5
3,125.523,763.024,1661.087,23.099,13.583,0.861,1.461,4.944,15,5
4,84.904,1286.5,2181.92,52.113,16.761,0.898,0.526,2.684,15,3.027
3,81.885,994.055,4808.812,52.976,8.224,0.791,1.258,0.142,15,5
4,129.736,1649.645,3496.056,43.328,8.062,0.814,0.266,1.798,15,3.028
4,90.076,1068.582,4444.909,73.355,15.849,0.904,2.987,2.904,15,4.82
3,119.907,641.134,1326.575,32.619,10.424,0.815,4.454,4.659,15,5
5,143.471,1424.095,4969.396,77.363,11.236,0.746,2.911,1.496,15,5
4,108.148,973.381,3723.724,42.933,18.512,0.923,4.102,3.624,15,5
2,144.445,1655.477,2223.435,73.949,13.742,0.887,4.827,0.32,15,5
4,74.818,1527.847,1543.996,73.693,19.342,0.843,2.135,2.027,15,3.117
2,133.813,1680.158,3211.822,37.836,18.556,0.944,4.11,1.286,15,5
5,78.009,1501.405,2779.964,27.722,8.067,0.748,1.232,2.652,15,2.79
4,130.686,1801.606,1735.891,31.375,9.382,0.925,4.507,0.365,15,5
4,100.757,1616.51,4110.795,41.754,7.693,0.854,2.969,1.863,15,3.801
4,51.23,516.012,1289.855,76.322,10.031,0.921,1.243,2.1,15,2.142
5,74.507,616.64,2690.307,42.688,13.863,0.946,2.311,2.073,15,2.959
3,61.737,693.051,4151.101,37.141,8.703,0.741,0.588,4.138,15,5
4,96.218,1609.723,1728.521,53.918,19.86,0.886,3.953,1.097,15,5
2,99.512,1626.68,2228.12,60.079,10.55,0.896,3.788,1.642,15,5
5,146.268,1810.253,2869.038,63.79,13.73,0.797,2.384,4.509,15,5
5,88.552,1971.438,1345.834,28.719,14.331,0.86,0.297,1.477,15,5
3,73.264,1134.663,3452.237,34.551,19.285,0.924,0.699,2.54,15,5
3,147.799,1290.413,3297.983,58.134,7.57,0.809,4.553,2.877,15,5
2,123.745,755.734,2969.539,45.228,18.581,0.711,2.838,4.21,15,5
4,87.132,1652.802,3179.66,21.927,9.483,0.742,2.316,3.674,15,5
2,136.967,1028.422,1364.284,36.207,9.132,0.789,0.459,1.183,15,3.695
2,110.758,1004.575,3919.699,49.53,5.723,0.855,4.647,0.827,15,5
5,40.173,1982.735,4321.69,67.85,17.832,0.849,4.558,2.467,15,4.679
3,96.893,892.616,4769.459,62.589,16.106,0.861,1.094,1.743,15,3.194
5,116.117,978.097,2916.495,35.549,6.322,0.709,3.106,3.356,15,4.786
4,145.998,542.239,1457.481,38.56,11.028,0.766,0.963,3.753,15,5
3,89.485,1488.326,1923.115,79.878,11.363,0.763,0.577,2.41,15,4.884
2,54.997,1473.731,4785.292,37.654,7.568,0.772,4.479,4.331,15,5
5,129.163,1304.514,2409.415,65.041,9.997,0.865,2.83,0.541,15,5
2,98.934,1483.144,3427.497,70.396,10.509,0.787,4.68,4.634,15,5
4,127.337,767.692,2435.413,68.482,5.251,0.943,1.726,1.016,15,5
3,101.664,551.442,4145.434,56.447,5.22,0.743,4.935,0.222,15,5
3,77.903,1614.249,4698.832,73.026,10.662,0.941,0.23,0.739,15,5
4,67.007,766.911,4258.636,25.762,18.103,0.868,0.444,0.922,15,5
2,40.572,1050.776,1697.293,35.795,19.054,0.92,2.489,4.746,15,5
3,71.795,828.369,2363.068,34.794,16.406,0.821,2.867,3.997,15,5
4,43.401,858.965,4907.007,32.337,16.695,0.937,1.334,0.568,15,5
3,59.914,1425.447,2014.582,21.169,17.45,0.888,1.657,3.993,15,5
5,121.053,1243.118,2677.811,38.643,19.432,0.913,3.463,2.135,15,3.878
2,113.31,1750.722,1222.446,64.282,15.617,0.94,4.242,4.403,15,5
5,66.027,901.317,4017.74,71.326,18.464,0.822,0.153,2.236,15,2.108
3,96.394,1188.614,2783.493,22.591,7.755,0.755,0.328,4.008,15,5
2,106.962,1232.892,1174.11,42.777,6.877,0.899,2.817,2.429,15,5
4,105.638,700.402,3728.162,37.494,15.31,0.911,2.661,0.861,15,5
2,102.975,882.618,1851.218,53.247,12.224,0.897,2.805,3.208,15,5
4,137.475,1048.611,2000.91,66.273,11.337,0.797,2.931,0.237,15,5
4,72.907,1800.182,2048.229,39.661,19.989,0.923,3.442,0.335,15,5
5,86.516,505.569,3262.113,77.904,10.251,0.776,0.32,0.972,15,5
4,124.928,1884.4,4627.388,42.963,14.151,0.927,2.271,4.661,15,5
5,46.734,1051.876,3523.691,41.052,9.641,0.913,2.122,4.435,15,5
3,90.844,1847.467,1727.406,26.439,12.301,0.932,4.787,3.758,15,5
5,45.537,1374.943,1142.043,79.607,5.363,0.828,0.247,0.366,15,5
3,98.937,1785.589,2134.252,33.016,14.709,0.784,4.739,1.469,15,4.804
3,144.459,1716.999,1171.594,58.793,10.586,0.835,0.125,4.71,15,5
5,47.199,555.115,3442.673,34.306,17.256,0.921,4.363,0.152,15,5
2,135.507,1108.293,2042.404,38.507,5.009,0.91,4.978,3.305,15,5
3,88.69,1364.479,4623.469,34.347,16.212,0.819,3.729,2.145,15,4.8
5,93.138,1686.65,4196.898,25.798,8.334,0.746,4.856,2.067,15,5
2,43.65,1749.155,3385.765,52.675,5.574,0.719,4.939,0.163,15,5
2,134.593,1598.909,1506.764,32.664,18.036,0.837,1.224,3.642,15,5
5,46.477,693.404,1440.712,71.952,13.252,0.797,3.012,3.477,15,5
3,51.204,1005.078,2505.061,79.259,6.39,0.834,0.43,4.447,15,5
4,88.974,1753.793,2995.741,23.406,18.291,0.911,1.856,4.468,15,5
4,114.861,890.399,4610.937,79.7,9.686,0.732,3.218,1.892,15,3.457
5,53.329,1937.017,2761.257,46.717,6.213,0.738,4.103,1.737,15,5
5,136.703,656.801,4496.625,55.055,13.452,0.772,2.979,1.325,15,5
3,135.322,574.76,4843.36,76.103,18.433,0.797,2.338,1.896,15,3.357
3,126.375,1533.307,3306.515,67.802,13.674,0.907,1.574,4.39,15,5
5,90.347,1093.3,1396.128,66.663,7.729,0.887,1.941,0.181,15,5
2,127.018,659.087,3169.453,63.57,10.461,0.745,3.077,4.08,15,5
4,98.575,581.696,1832.348,73.447,17.848,0.916,0.735,3.758,15,5
5,64.848,1511.413,1289.781,36.584,12.577,0.732,4.976,0.049,15,5
4,98.252,1317.176,1581.486,63.363,12.036,0.797,0.039,4.748,15,5
4,53.697,1489.279,3317.756,31.852,5.07,0.932,2.163,3.103,15,5
4,130.367,881.359,3828.229,30.308,19.866,0.859,1.366,1.065,15,5
5,118.166,974.322,3355.56,31.073,5.018,0.836,0.546,3.711,15,5
2,121.041,1653.609,3155.843,55.353,8.173,0.842,0.676,0.393,15,5
2,147.306,911.366,2394.716,75.77,10.259,0.737,2.171,1.419,15,4.437
5,102.785,1642.568,4192.476,79.515,17.786,0.944,3.886,4.372,15,5
3,106.105,1633.899,4181.952,23.521,8.525,0.762,3.852,3.735,15,5
3,144.936,1587.268,1031.543,60.035,13.864,0.82,2.364,0.125,15,5
3,108.751,1831.422,3856.877,55.977,13.622,0.886,3.841,0.882,15,5
5,101.258,1709.744,3806.667,48.38,11.396,0.921,3.892,0.028,15,5
4,144.194,565.692,3701.499,35.745,16.995,0.854,4.381,0.481,15,5
4,89.635,800.248,1754.137,20.74,15.887,0.878,3.817,3.523,15,5
4,87.883,1263.499,3010.342,66.583,15.025,0.849,4.656,2.781,15,5
4,125.943,1018.74,3360.99,43.235,8.461,0.896,2.36,3.58,15,5
5,138.518,550.23,3375.331,77.022,13.3,0.704,3.969,3.77,15,5
3,111.968,1680.858,4668.111,64.73,11.44,0.924,0.038,2.488,15,5
2,90.952,680.969,3880.881,43.696,15.754,0.781,0.076,4.669,15,5
4,136.4,1104.805,2818.541,23.667,17.057,0.879,3.477,3.525,15,5
3,70.023,1914.67,4995.408,74.159,7.242,0.925,2.549,2.468,15,5
2,71.113,537.528,1728.156,58.604,6.291,0.938,3.105,4.07,15,5
2,107.119,1970.5,1015.749,79.708,12.485,0.933,1.7,2.3,15,5
4,50.019,1318.217,2310.141,50.606,19.318,0.824,2.058,2.302,15,3.263
3,47.637,1368.451,2173.365,46.842,11.667,0.932,4.09,0.467,15,5
3,89.087,929.025,2043.662,69.051,16.452,0.815,0.349,4.137,15,5
4,141.765,1638.02,2382.411,51.233,18.358,0.702,3.344,2.329,15,4.056
2,45.64,1636.227,1213.433,66.863,11.167,0.738,2.39,0.749,15,5
3,145.239,949.351,3368.929,34.986,19.636,0.809,1.03,4.169,15,5
5,97.004,997.477,1458.889,28.939,17.276,0.783,4.641,1.751,15,5
5,112.781,1360.424,4734.802,79.306,6.69,0.82,3.365,0.265,15,5
3,83.468,561.286,1418.39,60.238,17.144,0.76,3.616,3.73,15,5
4,82.25,1372.889,4966.871,44.102,7.925,0.874,4.665,3.355,15,5
5,97.071,919.142,4722.391,52.692,5.371,0.841,1.475,0.807,15,5
4,141.334,733.641,1541.526,33.015,12.097,0.86,1.426,4.886,15,5
3,71.763,1215.75,1555.309,71.166,8.537,0.809,1.221,1.741,15,3.419
4,113.777,1693.477,4037.971,73.992,10.673,0.802,1.818,4.564,15,5
2,81.143,1092.947,4700.376,49.165,12.821,0.783,1.968,1.497,15,4.613
3,60.47,1649.163,1782.205,45.221,14.651,0.784,0.226,1.469,15,3.214
5,68.262,646.586,2407.344,77.925,13.018,0.886,1.291,3.042,15,2.808
2,46.322,1104.191,1831.455,37.582,16.664,0.753,1.577,4.873,15,5
4,99.695,1949.802,2635.219,50.178,19.874,0.813,2.477,3.649,15,5
5,94.579,731.19,1452.774,77.158,13.685,0.852,1.427,2.139,15,2.623
5,142.396,1850.8,2107.974,62.909,7.821,0.888,1.495,3.333,15,4.368
2,126.274,1336.888,1309.242,68.285,8.606,0.804,0.463,3.275,15,5
4,145.142,1144.558,1829.216,64.559,12.802,0.778,4.827,3.04,15,5
5,73.843,685.339,3559.2,37.524,17.964,0.783,1.059,4.759,15,5
2,123.702,1615.712,3254.608,38.068,13.177,0.797,4.663,4.216,15,5
4,74.386,1150.568,2607.076,47.989,9.663,0.751,2.013,0.586,15,5
3,95.096,695.765,4526.197,76.643,8.682,0.754,4.876,0.821,15,5
3,143.221,1411.384,2689.787,33.351,18.242,0.758,2.191,0.522,15,5
3,87.497,1049.808,2581.613,20.436,10.037,0.888,3.773,4.752,15,5
5,97.686,1715.985,4713.425,76.354,5.948,0.88,0.035,2.24,15,3.464
2,117.068,1315.44,3711.808,51.161,19.006,0.736,3.19,2.163,15,5
5,99.406,1074.403,2102.821,20.49,14.481,0.844,3.777,3.679,15,5
4,59.323,606.935,1392.695,59.043,10.565,0.934,3.088,2.387,15,3.201
5,58.099,1651.709,1257.243,53.032,6.932,0.943,4.792,3.24,15,5
2,117.983,635.37,1838.089,21.635,7.355,0.704,4.023,2.464,15,5
2,104.695,1311.885,3758.911,72.828,7.799,0.844,4.845,2.486,15,5
3,68.755,1047.119,3686.121,50.137,9.194,0.709,2.869,2.605,15,5
2,57.81,1681.5,3701.157,48.945,12.429,0.74,1.853,3.588,15,5
2,132.655,1671.09,4238.044,40.887,8.662,0.724,4.982,1.74,15,5
3,117.084,1364.668,4114.646,28.822,11.698,0.801,3.925,1.348,15,4.545
5,124.416,1467.168,3620.978,48.026,11.985,0.841,2.308,1.714,15,5
4,44.511,1899.919,1817.984,60.441,14.639,0.815,2.309,0.768,15,5
5,68.72,1752.127,1636.361,65.758,6.378,0.801,0.956,2.189,15,3.841
5,40.099,585.269,4606.122,20.161,14.281,0.744,1.317,3.418,15,4.302
2,145.426,1777.756,1061.057,39.72,11.785,0.757,0.823,0.8,15,4.954
4,110.88,1354.901,3430.024,55.473,6.091,0.857,2.992,0.827,15,5
4,88.404,710.534,2711.842,77.775,5.492,0.767,2.828,2.346,15,2.996
2,61.361,815.215,3846.578,46.11,19.639,0.875,2.554,4.598,15,5
2,84.96,1819.41,2245.221,30.837,10.689,0.797,3.811,4.235,15,5
2,45.182,1581.398,1932.979,36.779,8.622,0.716,2.273,3.49,15,5
3,87.424,1598.813,1173.069,40.215,14.182,0.848,0.324,2.275,15,4.405
4,43.797,626.331,1401.457,71.169,7.648,0.855,0.164,0.896,15,5
2,110.114,1163.425,4243.177,42.848,9.874,0.736,4.228,3.499,15,5
2,112.33,830.038,4452.794,52.689,5.98,0.876,3.787,1.681,15,5
4,137.029,1552.192,4283.909,25.582,10.198,0.85,3.644,2.713,15,4.704
3,95.39,627.859,2491.068,31.091,15.671,0.839,1.046,0.221,15,5
2,65.18,1300.784,1682.253,79.614,17.373,0.825,0.679,0.483,15,5
5,127.498,805.294,1350.297,71.551,9.095,0.723,4.183,3.852,15,5
5,50.631,1239.328,4063.347,60.656,7.489,0.795,0.937,4.275,15,5
3,144.873,1595.654,1219.03,57.954,15.009,0.771,4.918,4.266,15,5
3,135.148,662.785,1700.859,37.098,12.723,0.802,1.105,3.016,15,5
5,126.37,1749.354,3254.041,64.059,10.577,0.898,2.862,4.007,15,5
2,121.761,1901.254,2466.743,57.647,11.808,0.845,3.52,0.105,15,5
2,76.604,1906.581,4108.59,24.919,17.76,0.78,0.664,3.243,15,5
4,65.271,1755.317,1523.954,32.513,12.227,0.91,4.528,0.236,15,5
4,141.725,908.263,2457.909,52.719,10.256,0.792,1.17,0.911,15,5
3,128.271,1177.116,2366.494,76.138,11.654,0.782,1.039,0.96,15,4.53
4,48.54,738.216,4831.28,56.704,13.64,0.734,4.784,4.186,15,5
2,85.124,1960.864,2570.647,33.11,10.997,0.896,3.306,0.673,15,5
3,148.128,1865.849,1886.912,33.517,10.932,0.707,3.828,0.253,15,5
2,121.071,862.819,4719.019,66.73,14.403,0.901,4.111,4.998,15,5
5,75.782,1448.027,2335.353,21.144,17.53,0.906,0.601,1.35,15,5
3,121.151,946.955,2421.688,40.623,6.164,0.922,3.069,0.677,15,5
5,50.536,1994.828,2553.145,61.719,7.342,0.725,2.017,3.234,15,4.687
5,45.836,1956.568,4814.436,74.261,15.675,0.75,1.767,0.035,15,5
4,111.576,677.824,4261.174,62.372,11.058,0.892,4.151,1.763,15,3.535
5,48.88,1816.951,1971.864,49.105,7.477,0.752,3.13,4.991,15,5
2,62.128,991.883,3798.8,25.28,16.847,0.73,4.275,3.883,15,5
4,107.096,1083.967,4324.033,27.761,8.454,0.726,1.304,0.544,15,5
3,40.553,1138.13,4681.252,45.643,16.246,0.94,0.967,3.443,15,5
2,67.226,942.836,3061.604,47.455,18.681,0.748,4.773,0.077,15,5
3,95.342,890.107,3110.971,39.021,9.551,0.923,4.427,1.611,15,4.023
3,125.728,1686.692,3379.747,63.274,16.619,0.804,0.192,0.907,15,5
2,134.116,504.665,3775.753,33.016,19.652,0.898,2.101,3.499,15,5
4,81.081,716.667,1061.32,25.074,12.614,0.748,0.802,0.514,15,5
4,80.967,584.82,3115.445,31.466,14.787,0.806,0.438,1.199,15,4.142
3,57.261,1746.215,2742.953,53.647,17.547,0.842,3.207,2.255,15,5
5,45.392,1379.892,4645.821,46.898,7.822,0.748,1.472,1.023,15,5
4,117.309,1191.231,1347.651,26.371,14.93,0.892,0.988,2.825,15,4.441
4,76.666,1480.434,2979.142,56.532,7.786,0.72,2.599,3.947,15,5
2,57.558,1501.692,3566.113,35.502,7.081,0.853,2.848,0.484,15,5
5,51.415,869.854,1656.438,42.686,16.017,0.771,1.899,4.972,15,5
5,75.1,836.108,2671.35,21.815,19.955,0.872,1.016,3.962,15,5
5,112.602,502.018,3457.096,78.8,11.866,0.734,3.896,0.55,15,5
3,61.699,592.963,1121.315,38.703,9.682,0.942,3.143,1.272,15,3.677
2,128.521,1892.394,3905.026,73.07,5.468,0.78,0.765,4.097,15,5
5,142.965,833.824,2875.625,70.015,15.384,0.78,2.326,0.653,15,5
2,109.007,713.547,4825.987,49.619,11.506,0.876,0.328,0.186,15,5
4,80.096,1986.891,1081.85,59.572,6.034,0.847,0.89,2.106,15,3.166
2,123.285,1784.349,3912.201,37.158,10.366,0.907,0.695,4.174,15,5
5,86.704,537.167,1120.885,76.442,15.686,0.889,3.157,1.709,15,4.083
2,47.159,1571.109,3678.797,31.46,9.534,0.911,4.222,3.59,15,5
4,85.391,1230.201,1643.855,60.673,7.217,0.749,4.565,2.011,15,3.939
3,106.288,1245.727,3878.577,62.893,8.569,0.917,1.307,0.657,15,5
5,119.474,1371.819,2545.986,45.826,12.788,0.746,1.562,3.466,15,4.97
3,105.226,798.422,3940.062,56.561,14.335,0.797,2.112,0.16,15,5
2,130.712,1707.807,4739.923,47.583,19.861,0.785,4.918,3.766,15,5
5,128.455,1847.487,1545.432,29.609,15.32,0.76,0.67,1.138,15,5
4,47.177,1221.181,2965.515,45.454,5.595,0.799,4.249,4.805,15,5
3,89.112,1770.75,2583.878,63.89,15.355,0.73,1.084,4.971,15,5
4,113.532,1990.344,3421.518,33.609,13.403,0.788,0.382,1.94,15,3.634
3,59.091,825.896,2931.025,66.22,14.968,0.749,2.551,3.093,15,5
3,41.158,848.375,4228.37,62.536,12.955,0.709,3.25,0.846,15,5
3,69.792,1925.973,4625.537,34.564,8.826,0.897,3.678,2.443,15,5
3,101.813,1378.355,2737.752,35.115,13.026,0.835,2.671,0.454,15,5
5,45.938,1139.322,1117.32,32.104,12.307,0.816,2.53,0.512,15,5
4,93.894,990.046,3011.222,36.91,7.447,0.909,3.103,4.658,15,5
5,94.469,1843.86,1862.033,77.682,11.007,0.794,3.05,3.327,15,4.721
3,100.809,1099.709,1537.25,40.72,7.84,0.782,0.042,0.898,15,4.194
5,101.693,705.284,2137.969,47.966,12.371,0.785,2.014,1.753,15,4.518
2,53.624,1402.094,4002.663,35.203,8.659,0.745,0.647,4.215,15,5
4,45.921,1766.173,4792.588,47.444,16.527,0.936,0.408,4.983,15,5
2,99.963,1063.859,2147.044,24.183,8.546,0.796,4.296,1.687,15,5
2,122.489,692.733,2344.245,28.171,12.546,0.84,4.297,3.528,15,5
2,102.951,1192.739,1541.722,54.948,6.719,0.938,0.834,4.602,15,5
4,92.652,872.039,3109.655,48.749,7.003,0.884,1.107,3.197,15,5
5,40.796,558.609,3968.873,43.005,15.873,0.909,2.488,3.978,15,5
3,79.904,1818.565,2983.844,70.541,10.022,0.76,3.354,2.637,15,5
5,89.182,1874.517,1397.176,22.904,19.275,0.724,2.772,1.595,15,5
2,87.137,565.752,2008.476,45.92,19.052,0.91,4.763,4.944,15,5
4,121.894,1231.013,2734.539,21.397,9.436,0.802,1.847,1.208,15,5
5,44.422,1327.282,2688.386,61.502,7.443,0.741,0.405,1.374,15,5
3,121.029,1421.67,2881.83,53.803,12.667,0.832,0.03,3.497,15,5
2,42.55,1261.765,3782.952,63.597,12.306,0.936,1.925,3.256,15,5
5,99.71,1476.69,3260.923,67.219,17.563,0.758,2.326,2.622,15,3.455
3,79.494,1072.924,1582.214,69.585,15.28,0.915,2.952,4.106,15,5
3,137.911,678.098,4994.4,58.725,14.829,0.804,2.643,4.424,15,5
3,53.164,1620.795,3706.949,30.945,10.381,0.825,0.136,0.697,15,5
2,137.664,1526.789,3239.479,48.996,17.644,0.924,3.613,4.74,15,5
2,103.21,1978.894,1027.984,66.64,15.702,0.875,1.818,3.694,15,5
3,131.58,599.427,4607.18,25.956,17.745,0.745,4.599,1.875,15,3.624
2,119.186,1108.243,1861.268,49.51,19.053,0.944,2.48,3.258,15,5
4,103.174,1506.578,2715.837,22.443,11.567,0.744,4.816,0.102,15,5
2,81.55,911.888,1916.379,45.185,17.392,0.728,1.02,2.461,15,5
3,142.795,1360.654,1483.686,29.69,6.468,0.91,1.569,4.13,15,5
2,102.556,732.195,3835.444,55.84,14.71,0.765,3.997,1.367,15,4.765
2,123.711,1580.204,1820.231,46.7,13.018,0.931,2.146,4.237,15,5
4,64.585,1645.8,3466.503,62.019,19.935,0.898,2.56,2.839,15,5
5,135.09,1157.114,4300.678,36.484,12.731,0.937,0.042,3.534,15,4.865
2,110.861,1433.524,4738.375,28.985,7.603,0.874,2.838,0.458,15,5
4,85.33,946.425,4689.344,22.949,14.639,0.861,4.455,4.141,15,5
2,47.6,1027.176,1370.053,76.686,14.502,0.903,4.938,1.024,15,5
2,40.486,1115.465,2648.866,53.416,7.656,0.909,1.709,4.928,15,5
2,69.893,1748.291,3850.821,22.76,7.555,0.932,1.442,4.685,15,5
4,54.937,1384.56,3228.479,27.2,10.199,0.755,4.48,1.866,15,4.109
3,119.648,1698.567,3128.739,62.988,6.976,0.812,3.077,1.054,15,5
5,48.907,1894.597,4920.682,37.8,7.029,0.94,2.352,0.039,15,5
3,118.197,1558.652,3274.916,32.244,5.113,0.741,2.827,3.923,15,5
5,113.88,1355.407,3299.609,30.714,12.961,0.808,0.134,1.725,15,4.784
2,123.134,1900.312,3491.173,46.694,10.278,0.88,3.273,1.194,15,5
2,125.808,902.503,4149.94,31.164,14.249,0.83,3.235,3.213,15,5
5,60.201,1071.082,3326.282,62.107,16.532,0.787,3.542,0.135,15,5
2,67.442,1669.621,2629.354,37.785,14.858,0.95,4.75,0.564,15,5
5,90.843,1854.046,2005.249,61.253,17.61,0.862,4.356,1.552,15,5
5,89.664,1710.136,3711.689,60.683,7.908,0.913,4.397,3.443,15,5
3,113.028,1410.979,4609.821,63.697,17.132,0.731,1.267,2.614,15,5
5,58.815,543.679,1348.131,59.663,13.849,0.776,0.669,2.808,15,2.093
5,49.697,1432.692,2011.043,70.866,7.678,0.846,4.317,2.655,15,3.496
4,61.281,674.445,3554.351,75.424,5.469,0.853,3.313,2.441,15,3.372
4,96.472,1545.205,2804.497,43.565,9.148,0.856,0.505,0.244,15,5
2,40.404,1852.646,4844.896,75.294,14.431,0.726,4.263,1.15,15,5
5,57.838,1266.199,3299.039,57.34,5.278,0.877,1.972,3.242,15,3.815
4,81.538,1596.541,1494.853,29.71,10.536,0.889,1.692,2.111,15,3.463
4,84.341,708.97,2384.046,40.139,11.212,0.85,2.432,3.181,15,5
3,144.843,665.88,3706.6,58.418,9.069,0.85,4.466,1.42,15,4.075
2,72.147,718.434,4993.465,60.25,5.202,0.923,2.839,1.049,15,3.912
3,43.633,1027.014,2485.859,75.051,9.238,0.854,3.726,4.201,15,5
4,100.704,779.642,4434.116,58.769,17.675,0.798,0.732,1.42,15,3.627
4,149.086,1355.523,3364.204,36.796,8.505,0.904,0.673,4.874,15,5
4,55.177,863.41,4932.432,72.097,15.704,0.847,1.476,1.328,15,4.101
2,51.815,735.397,4200.012,72.859,18.641,0.85,2.079,0.013,15,5
5,68.916,989.594,2124.878,60.138,6.095,0.941,4.197,2.02,15,4.251
5,55.343,967.94,1350.038,66.874,15.853,0.717,1.926,4.297,15,5
4,95.082,564.982,4155.634,35.152,15.616,0.736,4.428,2.34,15,3.302
2,115.556,1243.631,1878.365,59.971,15.289,0.776,0.701,1.745,15,5
4,144.3,1594.963,3933.94,58.321,11.014,0.707,3.558,0.118,15,5
2,140.302,668.367,4691.033,61.755,12.091,0.855,0.482,2.427,15,5
4,114.658,1206.029,4914.209,68.515,6.886,0.805,0.235,4.482,15,5
5,83.176,614.09,2859.779,21.488,17.341,0.94,0.017,2.43,15,1.451
4,146.63,736.068,4610.714,65.145,8.524,0.925,4.652,4.115,15,5
2,128.749,507.483,1649.616,49.109,5.554,0.727,4.921,1.489,15,5
2,74.992,1157.146,1661.447,46.893,6.591,0.842,1.499,0.85,15,4.478
3,92.476,1578.071,2139.698,29.028,9.82,0.854,4.969,2.639,15,5
5,116.917,713.739,3240.717,41.425,16.434,0.865,2.903,4.439,15,5
2,110.639,1016.159,3308.765,46.704,14.067,0.72,2.125,0.274,15,5
2,147.895,1472.851,2622.683,49.288,6.533,0.865,1.334,2.015,15,5
5,89.306,870.757,1034.859,41.984,17.288,0.826,0.673,4.995,15,5
3,144.268,1393.335,1428.011,73.939,6.459,0.843,4.365,1.933,15,4.879
4,46.211,570.067,3255.545,33.009,7.665,0.941,0.287,0.281,15,5
3,83.622,596.23,3837.122,33.844,18.891,0.868,3.309,0.494,15,5
5,75.173,1278.278,4545.108,57.98,15.591,0.831,4.019,2.127,15,4.45
5,149.3,1528.116,3869.633,50.614,6.367,0.807,3.204,4.914,15,5
4,80.49,1038.964,1920.947,69.484,16.335,0.775,1.7,0.179,15,5
3,56.076,1847.743,1683.954,66.237,12.909,0.808,2.862,3.464,15,5
2,74.426,1143.531,3425.545,60.909,11.785,0.907,4.496,1.635,15,5
2,120.619,938.699,2721.699,48.8,19.368,0.929,4.746,0.386,15,5
2,102.541,1993.535,3306.767,20.029,19.633,0.915,2.947,1.476,15,5
4,74.826,1654.132,4735.493,33.684,17.033,0.744,0.369,3.331,15,5
4,140.166,955.655,1086.011,55.721,17.682,0.801,2.633,0.536,15,5
3,146.029,1249.347,4076.531,68.223,6.286,0.734,0.441,2.285,15,4.299
2,47.496,844.155,2096.198,59.409,13.264,0.882,0.962,0.389,15,5
5,146.991,1379.404,4068.819,68.027,8.728,0.845,2.826,2.147,15,3.935
2,143.719,1361.962,2118.602,61.212,6.839,0.736,0.002,3.13,15,5
5,113.103,588.881,4031.151,70.065,19.544,0.803,1.455,4.336,15,5
4,118.271,1410.008,3334.245,69.046,19.03,0.714,1.662,4.653,15,5
4,135.359,1744.648,4881.094,42.781,10.331,0.85,2.051,3.504,15,5
4,58.996,724.671,4886.09,73.602,16.282,0.903,4.445,0.824,15,5
3,140.352,1471.871,1828.046,30.139,17.255,0.803,1.685,0.551,15,5
4,123.536,704.357,2767.537,32.298,16.687,0.812,3.213,2.982,15,5
2,41.34,1017.282,1331.503,39.688,12.964,0.878,3.373,1.063,15,4.659
4,115.827,1470.915,3113.559,58.783,17.511,0.786,3.109,3.316,15,5
3,134.891,1721.332,1666.237,55.016,17.189,0.778,1.328,2.064,15,4.594
5,131.842,1852.163,1511.416,43.707,13.074,0.745,1.569,0.774,15,5
5,124.723,1203.755,3918.228,74.428,9.152,0.711,1.025,1.252,15,5
4,129.278,758.567,2907.669,66.716,6.648,0.897,3.042,4.834,15,5
2,133.019,620.507,3629.766,43.213,8.143,0.933,4.579,0.237,15,5
3,75.771,1224.937,3772.829,66.003,9.731,0.708,3.297,1.062,15,4.698
5,62.899,1983.341,4114.401,40.12,14.321,0.861,0.272,4.438,15,5
2,125.296,1593.06,1034.344,77.835,16.021,0.752,0.961,0.089,15,5
3,59.243,1732.441,4924.334,57.576,12.594,0.776,0.635,2.727,15,5
5,47.975,1162.816,1006.252,58.734,14.716,0.876,1.788,2.568,15,2.769
5,60.567,1468.198,3506.05,63.082,9.845,0.908,2.292,2.699,15,2.925
4,51.884,1855.826,3218.766,76.007,6.138,0.834,4.914,4.431,15,5
2,56.521,707.53,4397.612,31.878,13.208,0.705,1.499,0.322,15,4.977
2,111.129,1035.352,4718.249,33.949,7.946,0.788,0.648,2.801,15,5
3,59.459,1669.934,2268.82,78.799,12.276,0.87,1.724,1.017,15,5
3,117.826,1518.015,3145.158,36.42,5.155,0.718,2.364,1.84,15,4.003
5,50.589,988.954,2278.926,24.961,18.25,0.797,4.505,2.844,15,3.514
2,121.229,1474.52,2850.73,56.054,15.848,0.874,4.689,4.257,15,5
3,46.304,1875.676,2140.671,64.966,14.328,0.834,0.111,4.857,15,5
2,97.267,1419.343,1104.778,25.659,18.782,0.887,0.377,1.571,15,4.44
3,118.493,1897.214,4553.58,61.011,13.746,0.721,1.137,2.149,15,5
3,121.306,694.529,4983.289,67.963,7.033,0.878,2.088,1.61,15,3.034
4,111.421,1247.287,2369.244,22.856,16.561,0.811,2.797,0.695,15,5
3,65.156,596.991,3775.012,64.432,15.087,0.926,3.223,4.877,15,5
3,149.148,650.178,3198.337,32.894,15.175,0.918,4.873,2.418,15,5
4,99.511,1069.373,3799.175,44.531,12.693,0.907,4.183,1.688,15,4.317
2,118.074,1881.965,2013.446,53.837,15.736,0.847,4.221,2.749,15,5
3,63.32,1235.502,4795.073,26.641,6.311,0.847,4.506,1.882,15,4.816
4,90.454,1988.201,3317.834,57.99,12.972,0.768,0.61,4.048,15,5
5,105.938,1808.13,4668.543,62.476,17.455,0.936,1.728,3.112,15,4.211
3,113.018,1840.131,2243.394,71.946,12.491,0.849,1.811,3.981,15,5
4,147.089,748.312,3400.387,26.196,18.423,0.812,1.683,3.482,15,5
3,94.775,667.416,3608.743,68.042,17.492,0.824,3.319,0.835,15,5
5,53.546,1655.39,2824.729,75.409,13.432,0.861,4.957,4.49,15,5
3,84.237,1347.903,3912.502,42.157,9.409,0.899,2.455,3.031,15,5
3,49.004,1999.886,1759.814,68.24,12.369,0.908,3.632,3.124,15,5
5,42.812,653.583,3428.77,58.402,6.21,0.724,2.412,1.404,15,5
2,77.306,1321.262,2152.845,74.508,10.902,0.89,4.854,1.886,15,5
5,49.825,1152.904,4406.728,27.128,9.387,0.886,2.856,4.049,15,5
2,121.959,575.205,1877.603,28.002,12.251,0.88,2.025,3.435,15,5
4,109.75,1796.308,3161.601,60.938,8.698,0.804,2.758,0.242,15,5
2,60.272,1601.422,2510.794,48.791,17.938,0.837,0.48,3.355,15,5
5,90.914,725.995,4416.794,43.352,8.4,0.929,0.969,4.287,15,5
4,90.66,907.567,2221.03,42.958,7.027,0.761,4.222,0.909,15,5
2,136.813,1502.046,3405.511,46.358,15.166,0.911,0.092,1.643,15,4.646
3,69.762,1622.414,1696.504,71.016,7.144,0.904,4.462,2.246,15,5
3,106.538,1382.407,2068.906,55.698,14.914,0.833,4.592,1.237,15,5
5,123.486,1031.266,1574.242,73.422,6.911,0.7,4.706,0.705,15,5
2,129.922,815.936,2886.323,30.455,7.609,0.768,0.062,0.114,15,5
5,48.529,1821.463,1786.589,29.795,18.314,0.728,4.37,3.001,15,4.303
4,41.434,787.279,3911.252,64.567,16.97,0.807,0.63,4.611,15,5
3,142.068,802.632,2466.756,74.229,8.637,0.796,1.839,1.622,15,2.928
2,100.169,1891.543,3054.81,48.182,17.908,0.703,0.799,0.543,15,5
2,41.912,786.83,1175.833,42.427,17.57,0.792,3.028,1.107,15,3.914
4,98.955,672.942,4028.033,52.663,15.289,0.877,3.186,2.112,15,2.781
4,96.456,1575.739,1600.799,20.303,19.558,0.719,2.98,1.715,15,4.279
2,122.038,1162.439,2096.88,34.52,12.866,0.886,2.423,2.316,15,5
4,71.797,714.195,3582.299,70.314,16.121,0.776,0.506,2.75,15,3.283
3,52.717,1355.457,1013.29,59.722,10.843,0.823,3.84,1.384,15,4.385
5,106.477,1028.947,3552.085,38,13.959,0.763,2.36,2.628,15,2.759
4,79.921,1253.331,3798.996,29.173,8.777,0.914,3.13,4.639,15,5
4,46.418,1320.809,4117.241,61.355,18.095,0.904,0.579,0.079,15,5
3,40.188,1233.028,2286.804,21.547,12.034,0.839,0.646,1.797,15,3.25
5,146.553,1779.112,2725.319,78.386,13.135,0.798,1.042,2.564,15,2.819
5,149.834,1234.813,3095.826,74.036,8.248,0.813,2.964,4.504,15,5
5,132.132,1738.232,2383.084,79.546,5.88,0.719,2.097,3.84,15,5
5,99.342,1902.686,3035.084,40.12,15.637,0.941,1.979,0.796,15,5
5,110.22,836.005,2576.842,79.336,13.267,0.943,4.166,1.09,15,5
3,122.992,1163.068,3074.019,42.169,7.267,0.722,2.015,0.744,15,5
3,57.998,1647.169,4461.836,58.971,18.482,0.899,0.132,3.283,15,5
3,106.888,1367.141,4956.546,47.316,15.856,0.831,0.429,3.368,15,5
3,64.842,1756.884,1995.047,46.285,16.257,0.709,4.34,4.896,15,5
3,53.335,1839.941,1275.921,40.838,6.332,0.795,3.887,4.388,15,5
4,79.657,668.331,4747.234,54.402,18.641,0.912,4.39,3.905,15,5
2,128.312,1331.272,2195.866,73.855,12.698,0.724,1.559,4.84,15,5
3,106.299,1744.164,2026.126,36.826,13.633,0.708,1.303,1.585,15,3.649
3,133.844,1684.364,3430.725,79.16,14.759,0.797,3.757,1.212,15,5
3,122.88,1276.933,1206.847,22.034,15.435,0.936,4.914,1.966,15,5
5,79.225,1754.499,4824.021,41.24,15.126,0.785,1.038,3.315,15,4.402
3,131.121,738.217,1919.679,26.199,10.738,0.85,2.1,2.693,15,5
5,110.225,1273.077,3179.352,53.04,8.887,0.893,3.272,2.375,15,3.469
4,71.922,857.967,3445.066,50.184,6.161,0.916,0.516,3.205,15,5
4,85.001,1980.295,4386.009,40.545,6.137,0.788,4.395,3.511,15,5
3,149.612,1052.956,4921.27,67.835,18.39,0.741,0.502,4.924,15,5
2,74.37,1393.116,1327.635,60.741,18.409,0.736,0.013,1.714,15,4.756
2,137.432,1560.917,3767.443,57.287,10.66,0.747,1.09,0.456,15,5
2,147.664,1435.068,3286.278,48.355,16.733,0.742,3.302,0.695,15,5
2,108.402,1126.479,3781.383,69.695,7.013,0.701,1.957,1.669,15,5
5,58.811,572.765,1609.161,52.73,18.332,0.86,4.479,4.079,15,5
4,49.863,1126.068,1221.104,45.153,5.73,0.84,2.434,0.899,15,5
5,62.638,1571.809,4854.199,44.401,11.972,0.888,1.938,3.372,15,4.671
5,139.306,1215.977,4169.323,73.923,15.939,0.897,1.531,2.272,15,2.831
2,92.209,1007.501,2027.89,32.199,16.516,0.745,3.649,2.618,15,5
2,98.238,592.829,4832.602,31.206,19.396,0.841,1.155,1.606,15,4.351
4,40.246,1944.807,3794.906,61.375,17.783,0.879,4.879,3.579,15,5
2,49.381,1240.664,2991.748,64.507,18.62,0.757,0.18,3.776,15,5
2,139.071,1236.809,4753.24,43.973,17.927,0.892,0.425,0.174,15,5
5,111.104,800.459,4370.17,38.28,8.854,0.844,4.784,2.294,15,3.643
2,116.127,787.446,4183.282,47.862,19.596,0.907,4.248,2.714,15,5
3,105.362,1487.919,4396.308,66.733,11.786,0.909,4.93,3.758,15,5
2,41.034,985.087,4154.335,64.435,16.601,0.86,1.724,1.74,15,5
3,63.176,696.687,1112.357,40.139,17.299,0.827,0.536,3.685,15,5
5,146.831,1326.75,2098.698,51.975,10.806,0.895,1.08,0.909,15,5
2,148.975,564.899,4713.464,40.962,8.01,0.877,2.646,2.302,15,5
2,145.838,1240.872,4439.371,27.128,15.455,0.858,2.878,3.953,15,5
3,135.246,749.116,4486.568,36.388,14.697,0.807,1.467,3.653,15,5
2,63.084,1840.354,2765.763,47.261,5.229,0.85,3.168,0.201,15,5
2,146.59,1858.567,1267.422,29.102,7.478,0.806,3.021,2.67,15,5
3,83.578,1672.194,3109.765,42.545,19.943,0.915,0.967,3.911,15,5
3,56.327,1196.056,3363.214,28.676,17.324,0.945,4.586,3.986,15,5
5,110.522,1858.568,3426.116,29.87,12.151,0.79,0.82,0.555,15,5
2,62.264,1787.521,3847.501,29.452,5.257,0.756,2.482,1.601,15,5
4,110.126,682.89,4939.437,43.117,10.918,0.841,3.842,4.175,15,5
2,125.187,1079.052,1217.49,57.1,16.54,0.734,0.819,1.342,15,4.01
2,74.132,864.318,1882.387,32.346,12.834,0.733,4.997,2.872,15,5
4,145.325,1538.144,2748.767,68.445,19.649,0.705,0.171,1.095,15,5
5,101.302,1196.241,1256.008,76.968,11.532,0.781,0.036,4.255,15,5
5,135.805,1654.405,1133.408,48.057,16.048,0.815,1.623,4.52,15,5
4,41.573,635.526,4466.732,32.275,5.973,0.826,2.507,2.002,15,2.696
4,127.701,1756.326,3709.058,40.255,6.443,0.828,1.559,2.938,15,5
3,103.741,669.783,3637.521,77.771,19.952,0.744,2.411,0.994,15,4.316
5,58.437,1852.321,3434.735,21.116,18.238,0.717,2.804,3.175,15,4.482
4,53.013,732.92,4387.434,57.302,11.959,0.748,2.961,4.866,15,5
3,113.415,736.657,3891.013,30.25,12.575,0.838,0.407,2.776,15,5
3,79.15,1476.624,2387.928,47.282,19.889,0.833,3.346,4.905,15,5
5,101.614,1490.393,3450.65,58.208,18.744,0.764,1.179,4.059,15,5
5,61.488,542.016,1139.81,54.644,17.969,0.838,2.264,0.859,15,5
4,69.272,1963.147,4637.259,28.574,6.803,0.875,2.792,4.164,15,5
4,115.924,522.763,2677.015,65.957,18.863,0.751,2.916,4.768,15,5
4,141.283,1595.619,1249.096,39.517,19.777,0.833,4.736,3.447,15,5
3,126.556,972.581,2199.965,40.596,8.156,0.928,1.765,0.136,15,5
3,44.912,1179.641,2188.131,43.288,19.143,0.86,2.837,0.605,15,5
4,82.765,1568.725,3615.702,71.493,14.419,0.828,2.077,0.783,15,5
4,76.974,538.516,1827.498,58.265,16.317,0.748,3.262,4.934,15,5
3,90.299,1898.802,3250.567,60.586,14.151,0.798,4.147,3.495,15,5
4,128.955,586.214,4312.045,23.571,6.348,0.781,4.603,3.615,15,5
3,46.825,1148.043,1333.534,22.726,9.784,0.835,1.805,3.646,15,5
2,90.058,1616.085,2127.824,67.819,15.914,0.779,1.221,3.178,15,5
3,68.804,1695.237,4634.431,43.481,7.773,0.828,0.84,4.735,15,5
2,101.537,993.325,4750.724,48.743,10.675,0.804,1.057,1.59,15,4.112
5,76.339,1855.315,3492.668,48.723,15.877,0.833,1.475,2.956,15,3.071
2,87.604,500.074,4299.594,70.013,18.047,0.77,4.18,4.4,15,5
2,63.411,988.494,3502.283,56.744,13.653,0.935,2.548,0.214,15,5
5,78.604,1012.339,4210.384,55.441,11.316,0.937,1.584,0.068,15,5
3,76.013,556.773,1844.793,55.558,6.553,0.948,1.011,1.558,15,2.293
3,50.159,613.651,2457.856,70.558,17.504,0.915,3.11,3.459,15,5
4,134.966,1460.254,4687.219,29.94,14.508,0.887,4.226,2.664,15,4.94
3,104.08,1202.946,4969.032,49.424,18.499,0.818,0.899,2.609,15,5
5,44.137,658.575,1261.016,24.593,5.876,0.843,2.137,4.103,15,5
5,138.282,670.321,3977.827,48.424,18.022,0.814,2.723,1.388,15,5
2,62.898,917.85,1693.838,54.29,17.659,0.923,4.892,3.731,15,5
4,117.453,1576.198,1651.915,75.335,18.726,0.836,2.409,0.924,15,5
4,48.228,1035.205,3977.227,67.752,6.571,0.705,1.349,3.53,15,5
5,102.547,826.821,1406.062,61.886,7.891,0.916,3.672,3.369,15,4.73
2,50.417,532.527,3137.191,59.095,8.489,0.702,3.065,4.28,15,5
4,74.943,1102.444,1065.747,22.731,15.271,0.826,3.102,3.776,15,5
5,131.781,1523.995,1726.448,64.612,14.883,0.872,2.236,1.333,15,5
3,111.187,1458.746,2480.583,27.712,5.653,0.78,2.026,1.668,15,3.332
2,65.848,1206.806,1761.606,74.859,18.016,0.811,4.938,4.672,15,5
2,81,686.234,4464.637,75.881,5.999,0.913,4.806,4.607,15,5
5,133.516,1352.252,3951.558,34.093,6.613,0.806,1.996,1.869,15,4.96
5,69.397,705.066,2976.999,62.899,15.907,0.815,4.009,1.206,15,5
5,71.731,569.773,2830.35,75.358,6.189,0.909,2.359,1.518,15,5
2,96.375,612.675,4812.101,50.077,16.117,0.887,3.487,3.652,15,5
2,59.163,926.185,2846.865,77.049,19.996,0.811,4.411,1.247,15,5
2,111.554,997.619,2428.483,25.774,5.209,0.837,3.801,1.209,15,4.724
4,97.419,1117.857,2072.952,60.414,19.14,0.849,4.035,2.531,15,3.508
4,115.945,918.762,3570.885,65.209,8.782,0.898,0.251,1.587,15,3.14
2,118.781,1390.986,4989.971,58.632,9.237,0.821,1.426,1.918,15,5
2,147.646,719.916,2600.446,51.162,6.579,0.728,1.586,4.111,15,5
5,148.095,1487.053,4543.476,57.109,18.803,0.902,3.683,4.857,15,5
3,109.139,1969.416,1599.595,46.181,16.025,0.841,0.412,1.645,15,4.181
5,130.583,1548.185,3880.193,62.405,19.027,0.781,2.15,1.319,15,5
2,102.761,1076.714,1782.661,72.414,12.485,0.745,0.072,3.198,15,5
2,112.876,1297.305,2441.399,78.917,9.956,0.734,2.98,1.336,15,4.93
5,74.217,1640.105,1669.59,70.441,10.908,0.941,1.428,0.316,15,5
2,48.775,676.351,1903.567,77.497,13.874,0.744,3.154,0.171,15,5
2,139.667,560.55,2827.661,40.397,8.157,0.778,3.064,2.216,15,5
3,61.211,668.182,4240.384,70.235,15.789,0.83,3.67,1.872,15,3.42
5,74.531,1014.078,2208.92,61.893,11.295,0.819,1.809,0.507,15,5
3,103.068,1793.446,4708.671,60.609,12.44,0.748,3.035,1.828,15,4.462
4,107.38,1041.88,2702.331,49.013,5.48,0.875,0.167,1.562,15,3.278
3,100.389,1907.988,4333.554,72.306,9.581,0.784,4.966,4.156,15,5
5,141.745,664.137,3088.538,24.111,16.98,0.704,0.867,0.216,15,5
5,139.861,910.314,2190.607,41.779,18.193,0.779,1.774,1.887,15,3.886
3,83.826,1777.81,4513.883,41.659,18.46,0.907,2.44,2.529,15,5
3,64.055,1091.739,2564.078,60.657,19.275,0.885,3.926,2.028,15,4.206
5,75.2,1979.995,1054.207,35.249,16.064,0.929,3.773,3.732,15,5
2,97.761,1701.499,1402.689,73.592,16.604,0.831,0.332,0.008,15,5
2,57.675,791.693,2347.217,34.015,19.464,0.933,0.065,4.308,15,5
2,50.557,1832.505,3077.176,73.505,8.062,0.944,4.906,4.038,15,5
5,41.368,1954.179,1465.595,51.058,5.233,0.933,1.783,1.04,15,5
2,137.888,941.436,4963.954,44.793,11.235,0.724,2.921,4.632,15,5
4,123.076,1942.094,4250.206,29.314,11.858,0.728,2.521,2.467,15,4.317
4,47.237,1556.06,1793.484,42.824,11.54,0.711,0.896,1.462,15,4.529
3,124.968,1765.307,1644.221,78.037,12.042,0.834,0.241,2.597,15,5
2,128.413,1098.746,3435.319,57.175,15.209,0.767,1.915,3.782,15,5
5,73.155,739.917,4883.906,38.968,12.048,0.877,3.815,3.591,15,5
3,145.144,784.729,2044.927,72.312,5.053,0.902,2.574,2.404,15,4.792
5,108.292,1129.281,4154.755,75.107,7.213,0.826,3.727,0.996,15,5
4,116.925,1475.24,4262.485,20.929,8.409,0.837,3.233,3.788,15,5
4,117.723,1728.566,2938.811,60.632,14.834,0.81,4.307,4.756,15,5
5,77.561,1863.402,3499.033,72.227,18.008,0.713,1.731,1.846,15,5
5,145.648,1096.825,1004.773,64.059,19.783,0.932,2.782,0.614,15,5
5,70.137,910.581,4429.067,70.568,13.778,0.722,3.664,0.735,15,5
3,81.971,842.404,1580.919,31.326,15.023,0.766,1.43,4.895,15,5
3,139.57,1244.786,4898.706,28.018,13.178,0.785,0.057,0.772,15,5
3,78.143,859.767,3043.862,23.163,8.915,0.93,2.258,4.429,15,5
2,129.13,1050.585,2404.044,63.104,11.619,0.727,1.197,2.165,15,5
4,98.79,874.115,3046.406,57.311,19.413,0.834,2,2.95,15,4.967
2,136.594,1721.485,4672.612,67.045,14.531,0.944,4.782,2.724,15,5
5,146.453,1907.747,2233.681,33.158,12.863,0.818,2.376,0.66,15,5
5,107.134,772.974,2756.855,52.058,13.586,0.932,4.686,3.717,15,5
5,138.318,553.194,4809.347,68.488,7.409,0.736,0.121,4.58,15,5
5,55.89,1638.776,1560.168,25.008,8.377,0.765,0.873,4.476,15,5
5,107.321,1642.75,4398.677,69.963,5.245,0.943,0.276,3.153,15,3.802
3,115.992,955.712,2500.125,49.192,14.308,0.759,0.012,1.005,15,3.562
2,100.311,566.109,1623.972,42.773,11.458,0.811,3.404,0.394,15,5
5,133.211,1541.715,2910.528,30.438,19.547,0.707,2.357,3.426,15,4.714
2,99.839,1025.196,4422.109,65.832,14.843,0.939,2.337,3.408,15,5
5,124.504,1820.407,1220.067,75.815,10.779,0.855,2.095,4.14,15,5
5,105.758,872.613,4649.035,34.964,13.105,0.811,2.521,2.94,15,3.163
5,96.943,1300.754,3415.135,55.402,5.942,0.807,2.972,2.506,15,3.531
3,62.036,695.879,1500.963,41.478,15.591,0.943,0.616,0.413,15,5
2,100.656,1447.522,4438.91,51.891,10.793,0.874,0.495,4.38,15,5
5,104.785,1398.999,4612.51,74.712,18.808,0.909,1.212,1.387,15,5
3,126.769,705.689,3774.79,56.295,5.444,0.944,1.077,3.089,15,5
2,71.3,1004.635,2293.309,73.207,10.772,0.875,4.544,1.417,15,5
2,99.226,1389.452,3609.916,55.314,17.321,0.768,3.866,1.573,15,5
2,136.012,1079.246,3256.746,31.383,18.128,0.872,3.184,0.642,15,4.936
